amcgifford0@gizmodo.com,JsYwEvWfIEi
jnapier1@sciencedirect.com,2wg4Dl6yYA
aromushkin2@t-online.de,LgUJ2W
bschechter3@omniture.com,UEPuDkWv8AU
jroyds4@parallels.com,9uAeEm0
ameneely5@cam.ac.uk,40Gnoe
jmotto6@disqus.com,DDX2WPbDw
gloddon7@nhs.uk,G903FFm
mpeasegood8@vimeo.com,6JFwoIbQ
bdowty9@mozilla.org,btAAZspd
ksmerdona@github.com,YmKnB5UKWs
vemlynb@vistaprint.com,kk95pA
lpetoc@cafepress.com,xWKd7cQo25bg
gbysakerd@who.int,gIodcKH6JyI
dpelze@google.com,Cl8dsR0sU0J5
jwhitemarshf@accuweather.com,46iFTUPBMu
vbanaszewskig@php.net,7pC40hI12
boldaleh@slashdot.org,dtfZHdGPMqf
szavatteroi@flavors.me,vouCb6
pduigedj@pagesperso-orange.fr,dpRSnzKuU
kgreenhalghk@alibaba.com,aWyx7H4I
hkobierskil@globo.com,h7AKHfosl8
mcrasfordm@umich.edu,zGYWUNiSQFG
calcorann@time.com,hnH7Yzb
mlanehamo@weibo.com,gvZE7b
malsteadp@yellowbook.com,Q3QoRF4APN3
cboothjarvisq@unblog.fr,aXsM4XYZUE
bcolpusr@networkadvertising.org,uolzhpT3YAP
csueros@skype.com,6zhJWjOq
wdeleont@amazon.co.uk,sE6yxcENJQlm
cclaridgeu@feedburner.com,zgCZCWX6
esleefordv@yahoo.co.jp,zfGWyRTfu
gfaucherandw@angelfire.com,IyvJtGo5ypB
bnattx@ucoz.ru,hPasWEhFQ
cchoaky@senate.gov,nBQzy0N4HxMv
abasillonz@guardian.co.uk,W03BT38Kn
mbelly10@biglobe.ne.jp,oM5TckGVtJE
tbut11@spotify.com,r7Xv910YuH
gcham12@ifeng.com,Ogah3nsZ090i
espringall13@prnewswire.com,Mbly0aZMP
nsclater14@domainmarket.com,DDgjKgyOd6z
jbraney15@nationalgeographic.com,DTwSVoB68An
bpearse16@forbes.com,61yQMIkGYsW
paldrin17@umich.edu,Y0QDNdboDNc3
ljuly18@nydailynews.com,s6sFQJ9dZs
ttoderini19@ca.gov,CGMJfcmo
gboyson1a@dailymotion.com,WhcsT6
abriamo1b@amazon.com,ALniU7t
calessandretti1c@rediff.com,IYTW9YU
pauchinleck1d@bizjournals.com,FbJw4CNMmW
edillintone1e@latimes.com,xH9NEpTKR
nbillany1f@biglobe.ne.jp,GvsSRyR
rbarltrop1g@phoca.cz,JFppQGjYGYV
czanicchi1h@diigo.com,X5RBr0
nsiflet1i@ebay.co.uk,23EjZGWYOu
dfielders1j@zdnet.com,xjV95HSF9
klambertazzi1k@yolasite.com,sCTLtY1M9
jdecaroli1l@wp.com,PHTZAO3guLb
cholleworth1m@ucla.edu,ZtqeNjzT
lorteau1n@macromedia.com,2vcR6fTqBAY
griste1o@vimeo.com,zWpKe3
jdenacamp1p@surveymonkey.com,AcasFwceCst
dwynett1q@sbwire.com,E1H2KetC6DPm
iannon1r@usgs.gov,LemCmjozol
vtowsey1s@mysql.com,C0dNyIM9Yj
hplumtree1t@usatoday.com,fGFQDWrxrw
dpucknell1u@netvibes.com,3jLGegR87
ayurinov1v@sphinn.com,xCwo1NfAmM
edensey1w@seesaa.net,YirmdoU1
vbarabisch1x@biglobe.ne.jp,kHZkaKAnS33
rpavyer1y@bigcartel.com,4DlG1Fvh
amccart1z@naver.com,oYI11jAp
darling20@google.com,2pAG675cvaPQ
jcowndley21@xing.com,8xRuCMrb9nc
hstapford22@washingtonpost.com,p45xZO
dtatem23@merriam-webster.com,bfPKiErOJ3XU
jlemonnier24@craigslist.org,bKm9dbXJaP
epiff25@surveymonkey.com,xCgHWDN
ktommasetti26@sciencedaily.com,hs9119J
prapps27@posterous.com,VLZQfr
mgalland28@dailymotion.com,cx4ZrJD77jC
kdisbrow29@illinois.edu,YRgebB7U
rblayd2a@adobe.com,IHbRB9ykZ
llawrey2b@de.vu,dESoD342
wtisun2c@123-reg.co.uk,i3Rq7F11RId
adowbakin2d@hexun.com,JkDLGa2E5
ilandsbury2e@dell.com,wB68eF
afellon2f@constantcontact.com,CyKmTyuekv
tburrass2g@shutterfly.com,EQAd38J
avenediktov2h@dyndns.org,45lGaJ
ranglin2i@sciencedaily.com,x04hnm20
mlinturn2j@epa.gov,Sq2G73BuVJc
amcpherson2k@salon.com,5F3RLzSV1
abarfitt2l@pagesperso-orange.fr,s7616R25
pkinkead2m@hao123.com,ptwPplnGMfTy
cdenore2n@umn.edu,CiNlaIF
fflieger2o@php.net,sPphpyJ
mworsley2p@1und1.de,6S3xBf
mjina2q@ucoz.com,QqPi2Oprt87h
tticic2r@ask.com,HP9CyI
kaustick2s@ucsd.edu,W1ys3vLoZ
lbare2t@ask.com,FUiSRINqRB
anuccitelli2u@google.com.hk,8q6f7nCq
bpaullin2v@1und1.de,4Pw7Bd0
vdayton2w@webmd.com,ksWzQQ
scaldow2x@goodreads.com,TpXGpD
wtrevaskis2y@webs.com,GYMQlWG
akobiela2z@about.me,qFVmbfhHs
dberston30@theguardian.com,RQqsiOt
rowthwaite31@mlb.com,gUYS2Cm0XHk
tpinyon32@unc.edu,nIHkHO0p
olendon33@angelfire.com,Y3Chjl
jdrohane34@hostgator.com,5dwTJNV6
gduhig35@netvibes.com,jaDoptOzvnU
earboine36@shinystat.com,ONo7E45SX
tjorry37@simplemachines.org,PUK8Hvh8TLd
dmallall38@blogger.com,111Eg39Kjdb
htolworthy39@sogou.com,j23Z4uogc
ojee3a@issuu.com,69G2tJq1f
rtinston3b@cocolog-nifty.com,tNUd8jY
cacosta3c@theguardian.com,X6RaLo
gtripp3d@imgur.com,F2XY0ikO
eellwood3e@hexun.com,OQkZeJfqD
sjoseff3f@posterous.com,qy70sXciu2nl
tmateus3g@webeden.co.uk,2v52Tp8
esaywell3h@liveinternet.ru,mFkHiZUd6Za
dgeroldini3i@weibo.com,mTncADQaxq
tgwyer3j@deviantart.com,5hXBMi7P6nBh
ikemmons3k@slideshare.net,q6ldyI59
mgavrielly3l@google.com,QjrWXfDYj6
rredmond3m@networkadvertising.org,f9T3d4xaT
bmcgriele3n@elegantthemes.com,9Cxtnt6klITe
ggaddes3o@e-recht24.de,IgIhe5vFg5sp
cgooder3p@w3.org,GxaSW3M7bd7d
kwing3q@bizjournals.com,Kr89mbrn
jtosh3r@howstuffworks.com,sYjx2Q
loret3s@springer.com,hTb7EDiOQ
gleibold3t@psu.edu,QvT6amIV
ssolan3u@mit.edu,DRqyWAkUY5v4
agossop3v@mapquest.com,GTWh4iI
cpendall3w@indiegogo.com,JUJOmrIAnrA
cscoular3x@google.co.uk,tMwvNw7Qk
dflaunders3y@nydailynews.com,RbinuZ9Ii4rA
bstocky3z@paypal.com,nN6JyhVl
cesland40@rediff.com,IypAw3T9idN7
psmallpeice41@vimeo.com,6oLkpV
hgarland42@t.co,lYQ0ql
amorrish43@alibaba.com,RUiqY4
mmillmoe44@vimeo.com,pBtDPO
kbarber45@multiply.com,X8k7cPY5GJLD
cwheatman46@utexas.edu,kdbkE8HyA
bteers47@skype.com,pYdWgbFJ
bpowner48@last.fm,hvdWiz
rcollier49@ucoz.com,5x4GhQL8qJoZ
lhouchin4a@reddit.com,wcKjRQi
mtraylen4b@latimes.com,xr2unPvZ
cmoakson4c@cdbaby.com,YZr9q3
jmcilmorie4d@dagondesign.com,kPiuNJPd
mtownson4e@scribd.com,mksz046C
htitcomb4f@vk.com,mCblXXC5JjC
kknok4g@google.com.br,eEYVkJx
plipscombe4h@zdnet.com,EiOLZ5MDs
efrew4i@ning.com,1Gvt0Z1fc
hskynner4j@amazonaws.com,qyJN9xaFvA
bbugdall4k@washington.edu,QY3iwiSvz
rbarke4l@mit.edu,a7V53oFIMgi
cromeril4m@sakura.ne.jp,sYWPCtXx7Lm
aduesberry4n@guardian.co.uk,qcCWp7b
benocksson4o@noaa.gov,nn0Muhwqx5n
lfreddi4p@ftc.gov,qq1QRV59w3J6
dyablsley4q@nifty.com,rTOJtA
otejero4r@yandex.ru,l1MjGNO
cfirks4s@prnewswire.com,BpZElt
mmaccaughey4t@reddit.com,ZSoK3bt
mboynton4u@pcworld.com,GjqdL0PFkAbE
epacheco4v@is.gd,2adqsqWzm
jbentick4w@amazon.co.jp,a1z4wqT
ubrezlaw4x@geocities.jp,VxjQ7eF
moldroyde4y@wikimedia.org,dQegD9gZW
lhubberstey4z@exblog.jp,292gylesIZFJ
mcraven50@yahoo.co.jp,xNl9rVjr
jdewey51@bizjournals.com,5qVTNU
jharwell52@wikispaces.com,4efTRzyR88v
apiens53@cnn.com,PiVcmfY7
afrise54@digg.com,SicELCHnXw
nrase55@independent.co.uk,cVUW7K0
cdotterill56@sitemeter.com,tOYleKstB
sjepps57@pinterest.com,YQWr6t
jhryniewicz58@mit.edu,reewFodKggF
gshadfourth59@rediff.com,qX9LGyEmjY
eclaibourn5a@bizjournals.com,bz2QAgXsr
wjorn5b@icq.com,Ig1qFWB9
clapidus5c@cbsnews.com,ewvoLXWVY
lwinfred5d@about.me,YtwCvdLImy
ctinniswood5e@theatlantic.com,hoZWmtfw92
mpiechnik5f@sogou.com,CdWCSL
mreignolds5g@bravesites.com,Fq5XPE1z5iy
rdoodson5h@paypal.com,zZ8XhxC8
abirdwistle5i@jugem.jp,ElAqEgOuKhz
jhannibal5j@cloudflare.com,Cz8nTVq
rrabjohn5k@sphinn.com,JfYnxuti9l5a
nvanleijs5l@cbc.ca,zVJuef1Th8
jkrysztowczyk5m@un.org,zLWA7FGk1hW7
afarndale5n@symantec.com,BwAlael63
ryonnie5o@indiegogo.com,oxMgB6o8z9
tmayte5p@icq.com,kIlxWaML
rdurtnall5q@multiply.com,NkvRc9D
dclemente5r@nps.gov,vjoHtFzUGTq
spleager5s@so-net.ne.jp,apnGJWgoU
mtegeller5t@123-reg.co.uk,R01MEgrl9lm
wdurtnal5u@tripadvisor.com,tiCBxTe7Avk
dwhenham5v@unc.edu,2HPZvD7w7
cpeller5w@linkedin.com,ahVPVbrbszh
theinle5x@npr.org,ah4lQF9
zsweedy5y@phpbb.com,AsbWn8q91Dp
rbuckerfield5z@macromedia.com,MbL0FleIAoyT
elaverty60@qq.com,2Wlw4P4Ljt
cbraime61@twitter.com,fGIZzn
ccorcut62@marketwatch.com,Tbb7A4
pmurty63@google.cn,G3K1Rn
apochon64@rakuten.co.jp,TziFeSvuvr
chounsome65@mapquest.com,eqLiaVtMD
rcaldron66@arizona.edu,u8yrNkg1mXPB
jstanhope67@skype.com,fzFz1P3flo
nduckerin68@weather.com,uQuXBT
kkingscote69@marketwatch.com,CIbo5OX
zgarvin6a@google.ru,xCqrcJ24pOJ
mgetley6b@amazonaws.com,CXVBgA
gmacia6c@sphinn.com,vJ5ZgSNfZl9V
ehughes6d@flickr.com,rVR160XpYFo
cdran6e@oracle.com,zPdhgyk
hbattisson6f@wordpress.com,Fm5yqG
rpitt6g@pinterest.com,OfkUPmF
mlucio6h@reddit.com,ajugbuJSL
tvesque6i@opera.com,U9yTgdkxm2
mcanet6j@ovh.net,A95tRw6i
ibuzzing6k@hugedomains.com,Z0UyXuwuHC
sdiboll6l@t-online.de,BulJnR24YTJD
dcollerd6m@ifeng.com,x5eWIR0imnwk
lcourtonne6n@istockphoto.com,tfMfX2I
kfolling6o@nyu.edu,CvL8j19qlI
ugreenrde6p@ucoz.ru,7G8sIO
jtrowler6q@timesonline.co.uk,UcSv3M
vlax6r@google.ru,4iJhElqvK1
rdaunay6s@360.cn,D6tpMWBkjN2g
vraper6t@army.mil,xPkE92EamHJr
fbortolazzi6u@gov.uk,tCYgjgtnvq
sdutton6v@nyu.edu,XsI0qcMj0RK4
loliveto6w@mtv.com,3Nq7DHiTmrKE
eshiel6x@abc.net.au,cwA4wRio
jyouhill6y@wordpress.com,IZEOWzFWMJMf
kpanas6z@theglobeandmail.com,HVdORIfWUO
dmacneilley70@businessinsider.com,U3NBFn
kcolvin71@japanpost.jp,DCZ2os09F
cgiffon72@google.com,fUAUFXDrOd
fkibby73@gizmodo.com,rCpZSeJo
kwateridge74@princeton.edu,u0r0iD0yeoMO
kbutfield75@utexas.edu,qFUFQgzjm83
tdesousa76@ucla.edu,JO0rYRyaR
jyellowlee77@1688.com,5T7DOA
aschmidt78@discuz.net,TCKLh8KKc
rjago79@amazon.co.uk,ce2VWQ
smardle7a@smugmug.com,kGPpBgEXBubA
brickertsen7b@homestead.com,YD8Pul
ssenton7c@yahoo.co.jp,gwFpo7p
mlodovichi7d@myspace.com,neAFTMHVwHDK
mhandke7e@google.es,nfsb3ZVo9Mr
imartinovsky7f@google.es,V0OYWptXp1
kmcgraw7g@cornell.edu,xCUV3vVpeex
ghughson7h@redcross.org,2FHbgHyvjhU
eletertre7i@istockphoto.com,Dgx7EV6Paf
mbavin7j@bloglovin.com,hHoiPmZMiG
oclerk7k@zimbio.com,rbJPdb4
dmcgilvray7l@unicef.org,CKktRUQrvZw0
hburgne7m@prlog.org,TRIk68wPJ
dschlagman7n@narod.ru,VatNACL
bclemenson7o@histats.com,g5Xzs1wG
tseamans7p@nationalgeographic.com,P5AA9pII
tcorpe7q@google.it,k45XhReqq3
dhail7r@discuz.net,b5zhDYcgKIzq
pdurdy7s@privacy.gov.au,eV9Zu80Xu0A4
dhainge7t@vkontakte.ru,OYvXCfz
ldix7u@merriam-webster.com,t6B1ECRbDO
jsudlow7v@gov.uk,UB5GQsSHTj
jheggs7w@deliciousdays.com,ISgkpHvykYbB
ehub7x@godaddy.com,QFB24he
dlazar7y@bravesites.com,1xkXTa
schellam7z@salon.com,XH21bGRCCad
ubrenstuhl80@amazonaws.com,qE5FJDmyw
dleah81@discuz.net,QvtiXkmPqx
cjarrette82@domainmarket.com,EEMDWpL
chuyge83@unicef.org,AwT54P
lpanketh84@yellowbook.com,khYXCk
lsheraton85@mlb.com,TbrP73OhhF
osquibbes86@themeforest.net,DRIEVAbd9Ey
edevonald87@pbs.org,okzmrEYRZj3f
pdufton88@msn.com,OrNOn1
cjeanneau89@facebook.com,HYGbad7Hq20T
dgonsalo8a@redcross.org,WlXmMvA
dsyder8b@mozilla.org,jxtsW7ZMgcHc
lenston8c@arstechnica.com,gtPi8sW
ddiruggiero8d@spotify.com,wqzCjZB840d
cewles8e@huffingtonpost.com,DtgJWZ
aokenny8f@php.net,wKKxz7r
gwiffield8g@merriam-webster.com,ul5yEy
ekiehnlt8h@sogou.com,W8UOrBh
cmathivet8i@tuttocitta.it,P6bv3HcPJwx
apatrie8j@google.cn,QDWO22NIYiJl
dacey8k@dedecms.com,4nWZKbP
ejedrych8l@com.com,jLSEeI
bwilleman8m@yellowpages.com,TZUnth
bgarnham8n@miitbeian.gov.cn,xLkeVk2qlG7
mwoodwin8o@vistaprint.com,yeJEWDxP
gcrimin8p@yellowbook.com,lwclxtKr
ucreech8q@state.gov,WGi79SGMa0RN
mlourens8r@google.com.br,oG279XJ4WYZ
mveronique8s@fastcompany.com,ztgTtd9dlGWN
lmcduffy8t@sakura.ne.jp,k2xk1d
pcrowson8u@un.org,krQ68Ba4
dleefe8v@nymag.com,I9uQvcN7
wjorden8w@flickr.com,4ypdqfh5RgRM
sverrechia8x@is.gd,M6J7jm22p6
emorden8y@symantec.com,uTZIMKfF1Z
ltatlock8z@microsoft.com,ZUgI7TpavFDA
dclaussen90@ted.com,mwjN0RKwaO
jivic91@ucla.edu,RBK75YShPA4
elampet92@vk.com,l1btxFmVIJ
edoddemeade93@multiply.com,44RRbW6b4n
rnewland94@ucoz.com,4uJ7xWhaos
waizikovitch95@posterous.com,GZYoXLZyX
ntanzig96@fc2.com,o2HZDL
csaveall97@opera.com,1Swre0j7Iu0U
torleton98@howstuffworks.com,Kgkybzb
lfarrens99@google.fr,NNeCO1xFXXlf
lkornyakov9a@ifeng.com,yUKmGJ
rjewes9b@who.int,lONJJjZvA9
nzmitrichenko9c@cpanel.net,633Rv88SW
rbarday9d@stanford.edu,tOdJDrK
rshovelin9e@freewebs.com,uZbb6IONdxY
apittford9f@fda.gov,zEl6CBU
sitzhak9g@over-blog.com,pn942MSYk
pscotchforth9h@amazon.co.uk,E3NDB9
ycharker9i@amazon.co.uk,HwbakYxJ
mwhyberd9j@1und1.de,Dn2VgIt3U
rclemmow9k@gnu.org,lF9Qxls50CL
kbalshen9l@hud.gov,jMRt7sH
peccleston9m@yahoo.co.jp,4bZiVVGC9
mtrevon9n@newsvine.com,sElfLPRk4wPQ
tuttley9o@tuttocitta.it,hDjTTzkA6
agillbee9p@ucsd.edu,qHg9nlpY6rx
hhathwood9q@upenn.edu,RRNVNRanb
gmilch9r@ebay.com,64AXYqcEV4
smeese9s@yahoo.co.jp,J7nJp0
lburstow9t@vkontakte.ru,S9JXUQLa
tbotcherby9u@prweb.com,mkyHMF
rharcus9v@shutterfly.com,bEH8wETK8yE
rambrodi9w@msu.edu,jol2ddjV
gmanhood9x@com.com,FAje1R5tUakR
mrimell9y@newyorker.com,ZxertKsv0dy
jbrandts9z@boston.com,qB6mRky
koliphanda0@utexas.edu,9bHQ9cpOK
jdwyra1@microsoft.com,xSCBXDb
tbartalina2@ezinearticles.com,64UaVQF
lhessela3@bbb.org,enEl4cAr4
wshadfourtha4@harvard.edu,Hmg54d1tq4oO
iwonesa5@mail.ru,Cfdea5
dshoarda6@vistaprint.com,flkUrlx
msketcha7@friendfeed.com,77hhYGCjG
pmachansa8@bbb.org,CkSlBeaO6Mj
mmacketta9@usnews.com,75vo8my2
aadamiecaa@1688.com,3ZP9B0pRR9Gz
gpinhornab@1und1.de,GFZEvuXi
lcloughtonac@sciencedirect.com,7dqE0r
rdewickad@ocn.ne.jp,SeQfTArw
bedelmannae@ycombinator.com,ArVvUVDi7gK
waaronsohnaf@omniture.com,Y6n0k9VLMnV
vgainsboroughag@imgur.com,VBrryxxiq
channumah@skype.com,dEp0yL
rdavidekai@networksolutions.com,NKNBhY
pgallihaulkaj@1688.com,WRswvC
hhonischak@fda.gov,LEh8AkSiT
hdargieal@bandcamp.com,aWpOKb
rmarleram@joomla.org,MHLt06Stxp7
kcaghanan@accuweather.com,iiFrhFwa8CY
abrabbenao@typepad.com,6NgKGA7
fstillmanap@1und1.de,RyI83sLMKg9z
klethemaq@amazon.com,ZCZKmeoHrmqh
ganderschar@myspace.com,dgZ28SRQgFo8
dcatanheiraas@cam.ac.uk,PCNHzn
ecardilloat@weibo.com,NCI0faW9
ctredinnickau@wunderground.com,sKU2Cr
bewestaceav@dedecms.com,Rgo7UQe
afluxaw@meetup.com,5aiEMYmZmX
emackessockax@jigsy.com,Jvlv8vWu3j8
sipslyay@cdbaby.com,9jcHDtX
amacfaulaz@ifeng.com,DEhiN6
dwyneb0@hhs.gov,i6S0vzQ
cstuartb1@creativecommons.org,k4tEikXWRG
jdufoureb2@ebay.co.uk,OpdyviEKT
nhammerbergb3@latimes.com,6ju5DlE
dbirtwhistleb4@t.co,0xw3HkBpr22
erideoutb5@dmoz.org,3OgXkH9l2
mgraylandb6@free.fr,bHTNsebs
aguntonb7@blogger.com,ScArO0
dfaheyb8@acquirethisname.com,FmuFJ4WREXly
gkirkmanb9@businesswire.com,kLl2tH
rdigiacomettinoba@alexa.com,rbaa0Svt
hgloyensbb@hugedomains.com,WPNZiPLME
amccombbc@dailymotion.com,EU45PVzw4ftx
gwoodyattbd@nature.com,xdUeABB7iob5
eshurmerbe@about.me,QS2c3ClVHjh
dkevlinbf@wikia.com,pJj0QytSfA
kkraussbg@edublogs.org,E5qRzmmS
lmcgraithbh@who.int,G1HHgK0ofv
tsandersonbi@godaddy.com,uyY5t0Vmkd
lmcewanbj@java.com,9c1LUCO
hflementbk@themeforest.net,98KzxNvWxd
bbaseleybl@prweb.com,ZeR1QOLy3dqK
kkubecbm@ezinearticles.com,hfy4ubekD
kgiraudelbn@businessinsider.com,kaxatkFZ92I7
ekeerlbo@ycombinator.com,0w1UVhULdCi
dgoodierbp@intel.com,n5SACqWFqf
hkohnbq@cornell.edu,XDT6nz
rfardoebr@dedecms.com,211GcBFqB0s
nmeatonbs@google.es,wNd0yijNu
mpreddlebt@networksolutions.com,eP2MHnrqRkoG
sdaileybu@illinois.edu,xuRbHLVM
tadamoubv@devhub.com,2H0tPt
agoddenbw@youku.com,DaywRD
dbrasseurbx@php.net,gB8lUg
msarsonby@trellian.com,w7am0zqc16x
hhuggenbz@live.com,fSQhA23JwST7
skeyndc0@cornell.edu,OcuUJp
rduigedc1@blogtalkradio.com,EtjJO7Jac
dsherac2@theguardian.com,9yB8zNaXTb2
rhesbrookc3@nydailynews.com,kEo4xNYe
iemenyc4@php.net,koHuQVDG3va
mbrackenburyc5@sourceforge.net,57EymZB
lshucksmithc6@fastcompany.com,TO1LisnQ
anoldac7@w3.org,IJmZ9BsL
mrockliffec8@cbslocal.com,I3LVKs6ldOS
sdecourtneyc9@nature.com,f1zypYRE8Uiw
rmounterca@dailymotion.com,Suq48sCroa
tantoshincb@networksolutions.com,NPdmxCprHoI
gcauseycc@harvard.edu,6OAztomk
jlukehurstcd@desdev.cn,PJEjjk0V
cquinceece@independent.co.uk,VDIn1eaEW71
jhuguetcf@shinystat.com,6ObA5zq9
jwellmancg@mysql.com,KXhD4Il2
scheerch@slate.com,bBea0oOdo1ip
cbevilleci@soundcloud.com,ZOhbcVLN
jquintoncj@earthlink.net,1cHBeK0nWHm
sjeandonck@pen.io,V9e3if
yhymanscl@dropbox.com,G9JqL9WZpAA
aalkincm@xinhuanet.com,uHiHjrez
csorrocn@sogou.com,OTGjbVoKo
cnaulco@cbsnews.com,UOClsA
aswancp@wikispaces.com,oRq4sVNn
vtynancq@csmonitor.com,p6v7Y5O3S
kbirranecr@blogs.com,W2p2UAsXL
mblaszczykcs@unblog.fr,7HcdN4
ibogeysct@macromedia.com,Q39ukqFXvYH
egartoncu@arstechnica.com,Cc8jB65TJbt
scacv@pbs.org,Gs4GyLCuc8
bchessoncw@purevolume.com,Zfm89SG0R
strindercx@shinystat.com,SzX6GbOZ
jleercy@twitter.com,f1d1ho
sjoannidicz@si.edu,05sjYbmtr
cswaylandd0@tinyurl.com,QeeYKXW
kbonevantd1@twitpic.com,8A2oZC
egriggd2@blinklist.com,F6mVfbRbTjt
sdowneyd3@vk.com,utmWEu
lharrhyd4@amazon.co.jp,FzOLB5nB
cguilfordd5@cbsnews.com,NSpqE8Uo
cluetkemeyerd6@alexa.com,unpe0u1Ii42
acalfd7@dot.gov,xSbnfclPT9
ecagand8@yale.edu,LX3VcGWY
jwingeattd9@java.com,6uTgpj0OOKJ
ngiacomonida@weather.com,QK2OFE
gwimbushdb@shinystat.com,tyTCNrR1FDFc
mdudhilldc@rakuten.co.jp,m8dEyxNz9gk
dnaisbittdd@sohu.com,zgRcIu
claysonde@cloudflare.com,6JImCA
mcopleydf@sohu.com,jQA9YqugPn7
hboydondg@google.nl,2DCgspPf
wrobjentsdh@cdbaby.com,kS6w9FKDs
mpinardi@netscape.com,EFlaKD1jH
tayrsdj@tiny.cc,M13KZL3vnoi
sbeckittdk@cocolog-nifty.com,gxBY01aBK
nrowesdl@wikia.com,tnzHy95Q5BQX
mbattelldm@army.mil,Us65xsPc
demmertdn@t-online.de,5flihnC
dsinnatdo@europa.eu,0oKIctzXj
ycardiffdp@mozilla.com,7WPjTqg
ncoombsdq@yolasite.com,3Wf5S0
mpanichellidr@vinaora.com,TOWHeFasG
aleonardids@facebook.com,LReRi8AfX
djamsondt@xing.com,wPzarfSXsz
mchampdu@comsenz.com,ZiIKUCxEB6p
cstangeldv@scribd.com,ZTQo31R
ccreaneydw@delicious.com,m0kowvPEades
vbrindeddx@hp.com,tdbPQtP
lassaddy@people.com.cn,kkz3uZsly
ashalloodz@gizmodo.com,PWW3k0y
mtrowsdalee0@fda.gov,NnxEgdyA
wpardye1@nbcnews.com,a7Un6dVrzxq
adeavese2@uiuc.edu,29HBPZ
tjedrzaszkiewicze3@who.int,RswBZO
bjanouche4@drupal.org,S6mj9pOd2a2n
agrisedalee5@psu.edu,zKPBNQZQpfn
fmaskelle6@shinystat.com,M7jaV8xFp6w
kshafee7@cnbc.com,r4mXFCypjeA
iskeine8@cmu.edu,1tsm0D
chindenburge9@merriam-webster.com,8k1S1fBhz
amindenhallea@yolasite.com,iPEASI
jkerfodeb@toplist.cz,Hz6FAe
acopnellec@unicef.org,0f8vGip
isatterthwaiteed@freewebs.com,VDGg3V59AF17
tbeineee@discovery.com,SsPZ6z4hqw
dlambertazzief@mayoclinic.com,yq5wKsX
pcharteriseg@ask.com,jC9YWl
vmcglueeh@fastcompany.com,wdtfAL0RhD
sfossittei@home.pl,dE1Kq5qqbC
hruggierej@biblegateway.com,76i4z08oV
gbreukelmanek@about.com,5DNywbQLv4
tgallaherel@technorati.com,JRNdxpIj
mriggem@harvard.edu,FHvlA6huQ
lnutonen@google.de,NCJAoC
kmansereo@cam.ac.uk,NNg7QimvTwbp
malderwickep@cam.ac.uk,jVotMz
ealejandrieq@wp.com,nzsRamAYVSP9
bdansieer@toplist.cz,0eEFf6YKb
bkubekes@4shared.com,V9mgB2d
mtyloret@europa.eu,2oR5TplpT2UI
dmouatteu@examiner.com,oa3bT8bHA9
adriev@cnn.com,a1xLj5bd
mvigursew@nydailynews.com,J8Fge2Lep0rw
srattenburyex@theguardian.com,RI5SGXwcIElC
hlidbetterey@squidoo.com,No7W0kKxgeX
dtrathenez@apple.com,EXyJvbZwprax
mtippertonf0@psu.edu,eprGZki
htimmsf1@techcrunch.com,qoAPd8Jy
pvenneyf2@smugmug.com,gp6AzGQsMgx
bcurtoisf3@army.mil,PsUvMo7goLW
wconkeyf4@nbcnews.com,WISAGulBCWOh
wmackeegf5@apache.org,pEdbH3
bsygrovesf6@hud.gov,m8bBJed0v8f
jkleebornf7@netvibes.com,LLPPD0pOT
tduckitf8@bigcartel.com,OTXJPa06
cwoodrupf9@yelp.com,x5fwEJoQaI2
dstrutherfa@slideshare.net,LDhRe6rTWphc
memorfb@shop-pro.jp,hvNng9
mahrendfc@miibeian.gov.cn,jUc98ySDUOJ
rbenardetfd@dmoz.org,YCdsmiY2QFjH
smulhollandfe@biblegateway.com,VLykx7XHo
mmillomff@delicious.com,KfYRB7Oqvoya
mhairfg@sciencedaily.com,Afkrru
vguenyfh@list-manage.com,MY7cyvK2W
jhowarthfi@csmonitor.com,3co0NeAZo
jacostafj@deliciousdays.com,zU7AX8Cik
mspenceleyfk@amazon.com,oOGw5t
nseyersfl@sun.com,E7yuyH3k6QG
ebracknellfm@hc360.com,TnyXnxm
dsellnerfn@is.gd,w7RAZEaap
thuttleyfo@youku.com,WEQOyKq1c6
mbranchflowerfp@sphinn.com,4WBbrW61
kblakeneyfq@adobe.com,NbARbODi3L
lgoodbournfr@upenn.edu,6AJRATV
mhelversenfs@fc2.com,K4mBqaK8M
dduthyft@wp.com,KYQHrCrVC
smelbyfu@imageshack.us,xTkpRrZgOCWO
lalkerfv@shinystat.com,bjLqQce
dramesfw@examiner.com,DBGRjwumYtz
dbansalfx@plala.or.jp,DxfkW4M5c1
aterranfy@lycos.com,Rdy65Ez
cblinkhornfz@noaa.gov,hiz6GSJUy
amatignong0@newsvine.com,xZt0NfDWeOx
csherrocksg1@nature.com,ngjbEIN3e0u
mmacaleeseg2@answers.com,ruq9UV3w2
jsmithg3@umich.edu,EIvndpnPdF
ygiovannillig4@clickbank.net,gR7pQj57yR
sdemorenag5@cpanel.net,OAE1etLz5ZsS
ccallicottg6@gnu.org,6iUgS5SdxBVz
rnewlandsg7@deliciousdays.com,frvCjQd8
mgodmerg8@addthis.com,XWqjTEdbv2Q
cobing9@google.com.au,Lp5CS7
mabelovitzga@dell.com,UgL8la
splevingb@seesaa.net,rBBYvZ
hmacsweeneygc@t-online.de,o2ZGTE
rgodbygd@yolasite.com,GN2gCppei5e
bfortinge@apache.org,uDRfFK
hlockiegf@mit.edu,G9u1aaw0z
theedgg@indiatimes.com,7QQSZtVCGn
sgildersleevegh@com.com,tYPQBy
klawlingsgi@behance.net,Kgw5UrlYmZh
igarlickegj@dedecms.com,iKmkaw03zp
vtromangk@marriott.com,RCOdpyJl7
sblaxallgl@skyrock.com,Qq24yogW9q
tbrandsgm@w3.org,QI6oR2yiN0r
bellsongn@businessweek.com,HfWHRU
jdorceygo@cyberchimps.com,FBM3LWwhZ
whaenselgp@drupal.org,p1C2oLr4H3
dschimanngq@dion.ne.jp,tGkOddrL40
emcinilitygr@ebay.com,X14cHCNgR
mllewelyngs@oakley.com,EJa8vN4
rmolesworthgt@godaddy.com,9uT1zn2EqO3X
djahnischgu@engadget.com,n6grW7Gn4vXP
mvanderspohrgv@netvibes.com,mG0sWU8riq
asilleygw@hud.gov,86b7fFI13v
awingattgx@chron.com,Os4HAtrJg1C
wtennantgy@google.com,IODhYygL
egallehockgz@wiley.com,w8gOWY
gforstallh0@xing.com,P1XSBoJSlG
rruaneh1@wsj.com,tHGkDgl
pdewingh2@woothemes.com,QQGBPlsBNn93
lgammelh3@si.edu,60RvTAI5Ip
obattabeeh4@xinhuanet.com,9skS1g
dmaccollh5@ovh.net,xsTcIMlP
gmulreanh6@yellowbook.com,yVrFF2SDk05
hbeinischh7@dropbox.com,D3FYPIO3a8WQ
mchessellh8@biblegateway.com,iicRUp
rfrantzenih9@g.co,hDG5qAw
cstubbleyha@etsy.com,Tz2aSE
csetterfieldhb@bigcartel.com,L6ZFtd71cP
aioannidishc@slideshare.net,40mIga
bcullinanhd@weebly.com,PDswNM
djohnseyhe@360.cn,ioUc7TwpMaJF
bbearblockhf@symantec.com,op6wY16
owayhg@booking.com,Y9FdJY
abeedomhh@amazonaws.com,AyDoCw
kboissierhi@mapquest.com,IwZMNbiv8
tvandermerwehj@wix.com,PygeVj
edurbynhk@xing.com,rhtZb0Kxl
whamertonhl@gov.uk,WgxmtDW
pmorohm@nbcnews.com,D8WjwL1D4eSY
kconnetthn@yellowbook.com,QWfZHsP
gbalsellieho@cam.ac.uk,52GThK
jjindacekhp@cpanel.net,602DZQp
dneavehq@opensource.org,XuNtqo
ndomoneyhr@yale.edu,DUjS8Dvn
wbehrendsenhs@ihg.com,FJDwZ2E
hdominicacciht@dell.com,g4BfGvtmg
ocressorhu@wired.com,7eKbPArk1
cbeadeshv@topsy.com,ZN672zjF
ckobierieckihw@google.cn,bvdHXVzxMaFF
tsandiferhx@addtoany.com,jW9frgU4k
mloryhy@narod.ru,4BlY9vpNC
fcashhz@trellian.com,c3cY7sz
sstrattani0@ca.gov,UgshwI
okinghorni1@paypal.com,QGUXtbVzi
bmacconnultyi2@huffingtonpost.com,AF8JsRsbpo
croddi3@sbwire.com,4vCcG35fwp3B
ilittrelli4@ihg.com,XJJeDi3Fm1
nreynardi5@ucoz.ru,uNWDa17L
hhaswelli6@craigslist.org,0aufhBXW
bperrygoi7@engadget.com,nnACXg
mstronoughi8@umn.edu,DhxwhObN
rderyebarretti9@timesonline.co.uk,PWpPeoXiQvIr
jwashbrookia@statcounter.com,EDfpSA
froddersib@t-online.de,QzesYOO
hfrightic@opera.com,hGLBkb3XU
nrapportid@nyu.edu,HnIrfc6cr
hmaceyie@163.com,REI7abkOrY
lsorleyif@aol.com,sYRttZkU9wXD
clambertzig@wisc.edu,PJR4vjsRW
oemlochih@pcworld.com,8psUcrRae
cfrewerii@who.int,GnOGb3oWL
wmarrittij@prweb.com,WjBIEtw4S
cthomlinsonik@fc2.com,m0BQkiBb0
ahayballil@oakley.com,o32zZrN
hcobbinim@eepurl.com,Brlbbw
nmosesin@discovery.com,p5anEob6B6T
aheathcoatio@ebay.co.uk,DXvLN0i
klearmontip@hibu.com,ZJ1MepgAQKb
mmohaniq@tripod.com,Fdk0qk
nbarbaryir@nyu.edu,hhpM7Yb7
tbrabhamis@moonfruit.com,61Gs2s8gIioe
chexhamit@blogtalkradio.com,ZKFVRYj2FP
lelsomiu@about.me,cWMQ785z3
wcoonihaniv@parallels.com,DRt88M
cbeedleiw@google.co.uk,3XiLv4jxkOMb
gdeeneyix@oaic.gov.au,c6wmxbx4e
wsterrickiy@bizjournals.com,yWiD1H8
ogoweniz@tinypic.com,7a44EGD0Ypx
harnaudij0@angelfire.com,mC4sic1cJ
tmonsonj1@state.gov,bxn1WLaqul4x
kmarkosj2@smh.com.au,UE1itgGPdTKG
sperej3@infoseek.co.jp,pyEFMyqR7bS5
shulstromj4@bloomberg.com,V13v8k8
ssollomj5@list-manage.com,zxV2lhWw
nsoffj6@w3.org,TbFT1EoM20vN
jbastiej7@creativecommons.org,P2l1zd1
ogabbitisj8@statcounter.com,ie6JxD0w
fjecksj9@google.ca,BwD3bB
shaslockeja@sbwire.com,okcO2S7I
njuggingsjb@nyu.edu,JX5gur
aphelipeaujc@cnbc.com,zIvj32iG2
csprionghalljd@edublogs.org,8be1Y2NS
swingeattje@narod.ru,9zYtuDhcuql
hflewittjf@eventbrite.com,k1KeRI5Fetm
jcotteljg@sourceforge.net,T6G5e0BuHzWo
awooldridgejh@about.me,nFmFIOqRDCW
jgullickji@wikispaces.com,62ZLcdAk
rvealjj@nyu.edu,q6cSRvx9zE
ihitzschkejk@nps.gov,e1Zqzy
cbehneckenjl@prweb.com,5gwLZA
rmatisoffjm@hatena.ne.jp,GgXV0B
rastinjn@symantec.com,MsTPCUI
jdinnisjo@sciencedaily.com,XuNtxaioeS
schatainjp@tripod.com,3X22RwA5cM5
dluckinjq@gov.uk,eovihjlW8
bburkinshawjr@google.com,DbpJMr1JXoPZ
qcrittaljs@google.co.uk,RmWCF695ayQg
knetleyjt@delicious.com,L0LsgikU93
vdolleyju@arstechnica.com,hn3cKo
npettetjv@mediafire.com,tCUwF9ua
gwinskilljw@army.mil,th301f05K5p1
cfancuttjx@dell.com,ACr3gjotbvoo
dwabbjy@sphinn.com,VRdknblh1un
kvaninijz@google.co.uk,lGtzWm5Kg
ncasazzak0@pcworld.com,KtvQKsWO
sbarnicottk1@nih.gov,zU7Gmv1AvF4e
cderobertisk2@google.it,NrKTApQ3F
oeldridk3@reverbnation.com,Nj97dOaCmRs
bwillmentk4@goo.ne.jp,xaSlKkdG4K
crayerk5@ycombinator.com,CityzPu5COR6
wkrautk6@google.nl,QifMkR6yAXf
olugardk7@ehow.com,JPjFnTYZ
rdykinsk8@photobucket.com,3oOKSUdL4r
ckernermannk9@sitemeter.com,PlhKr823
ajudgkinska@t.co,BwszBhQm
mwetheraldkb@ca.gov,kX5e2sTaBg6
sscogganskc@washingtonpost.com,hAZ9YlQF0Z
ekaeskd@cyberchimps.com,MlwHoW
wdinzeyke@blinklist.com,FMzA6XXafJO
rcowlandkf@xrea.com,LLesDmu
obibbiekg@g.co,Wnf8PwKka
khendriksekh@washington.edu,uIvDDamJW8v
ishavelki@pen.io,g1gMqjMU7b
etroubridgekj@infoseek.co.jp,JBooa3Y3l
lcluttonkk@nationalgeographic.com,M7rNc0jjcVjn
ejirkakl@merriam-webster.com,KzXwqH115LM2
drickesieskm@example.com,aJXFeYHO5rNg
lbillettkn@google.pl,23yZXV
cscarlettko@bizjournals.com,1R7Ztb7wiPHX
bholbarrowkp@engadget.com,iHHqwe7WZ
aviscokq@t.co,77BeGu8
desplinkr@fema.gov,3K57HE5FfO
cobleinks@dailymotion.com,t2QHaApHVDSm
tivainkt@cargocollective.com,m3csSt5nW1vl
cbrammallku@berkeley.edu,k4QAtzfLgviT
jbarthelmeskv@dagondesign.com,NgpFtcjZaLlR
mgrosskw@ebay.com,AeAGoCsJ7z
etinsleykx@reverbnation.com,SSwERjht
ehearlky@lulu.com,4QT5Ii
bbrogiottikz@nymag.com,XJZ7WiBqA3Z
qroakesl0@umich.edu,W07uCjPyKue3
jgherardellil1@si.edu,i5XWL9U89ag
ptoynbeel2@aol.com,XT87y7js1QN
dcollingtonl3@dagondesign.com,di96Zx
srounsivalll4@ftc.gov,G2aESWUs
rcluderayl5@netscape.com,N6gu5ypTuPqh
creadingl6@forbes.com,3L97rpxm7K
mgianneschil7@moonfruit.com,uXoCpiJVWFx1
spiesoldl8@loc.gov,5Uxhem
ebispol9@home.pl,6th233
kcasollala@weather.com,aRMuCa3hDa
kwheildonlb@hp.com,IRXYqlxa
klindmarklc@arizona.edu,V9pLoS4R4rFr
bswinfordld@4shared.com,7VJQNVQ1
flacerle@hubpages.com,V9KXapta1
rterbeeklf@facebook.com,gkOTkc
jbernhardilg@biblegateway.com,y4DHNIl
ckelbererlh@wiley.com,EWLB1a3
mcraxfordli@bizjournals.com,uGNUxQc
ococcilj@redcross.org,RYwUuKi
mdergeslk@dagondesign.com,uE6VPG1H4G
lroganll@ucoz.com,Re9ja0a
dblasdalelm@comsenz.com,d8q21xlJzXvl
dcrowchln@smh.com.au,1PvotckrUnYv
nebankslo@macromedia.com,rWHARKwLD
obrazierlp@flickr.com,lKth2y
sklimalq@java.com,aey21qzaQAX
mfieldslr@51.la,chMR0Rb
jwarfieldls@cisco.com,IjAgoIIPQH4
astanwaylt@discovery.com,fnxV6ZfhRID
icurmilu@constantcontact.com,gB4jfpzt
btolputtlv@addtoany.com,z1MoD7ndk
bfrancescucciolw@phoca.cz,HIR6qyYw
cgilpillanlx@diigo.com,9re7wt9xE
chudlestonly@lulu.com,QhOjX1IK
jmormanlz@unblog.fr,EdNUzoBa
jfydom0@china.com.cn,F9Z230Wc
pcundym1@artisteer.com,3tfYo8iwLV7
abusherm2@gnu.org,paimJj7S
jmulrooneym3@vkontakte.ru,NzBH4CEJ5NE
ybeachampm4@liveinternet.ru,xwrsP8
pmatonm5@webeden.co.uk,t0VV7cmKXO
misaakm6@sourceforge.net,nNo8zB
akunam7@hubpages.com,l36AMJt
tjakubskim8@google.co.uk,NGsgVKRdU
msemperm9@freewebs.com,x8hqLT
sriddallma@surveymonkey.com,ncoF1c
tferrottimb@parallels.com,kpmysLS
dkeitleymc@cbc.ca,ZhygumFElD4L
jivanchovmd@1und1.de,xmsH4d
jstollmanme@admin.ch,b1ifiZXp
shugmf@ca.gov,JaBDdlthp
rweekmg@newyorker.com,ACMx2m5AT4K
sbuistmh@topsy.com,O8MsmVj
bpopworthmi@oakley.com,j7aEJr
haronsmj@amazon.co.jp,wJdmloUrp5cM
lpraundlmk@google.com.br,XeKU4fNfsNIJ
gcleugherml@unblog.fr,FBAgBzIB31
hbinnymm@bbc.co.uk,teSw5Jh65q
emussardmn@skype.com,4b1ASUE
dbrookingmo@ted.com,ULWVZLg
ehaganmp@hibu.com,HCG7EX1G
tlambmq@msu.edu,cpMnSz7
hblackboromr@cloudflare.com,1v58PLsk7E
wvanderstraatenms@flickr.com,zuSo4plWv62
isawreymt@time.com,Aq5Rf1zHeta
tinskomu@google.it,rJyNrtcTDN
ecallardmv@so-net.ne.jp,qZd81Ciy
ijollmw@usda.gov,U07bcUNuQCuk
cfeoremx@nyu.edu,8ZWdJ9
astelfoxmy@wp.com,8PUW7c
nsiseymz@edublogs.org,rT2yky3l
egoodnown0@amazon.co.uk,1YbLsqmbzrqC
ntortoishelln1@phpbb.com,LUtlRq4EQ
mharrissonn2@virginia.edu,x96edhQ
nnizardn3@npr.org,2UjOuP
dcausbeyn4@phpbb.com,euvQJnwB
ggablen5@shinystat.com,gHzSqwGIeG0X
tmouattn6@hhs.gov,SoouyULxT
beglisen7@topsy.com,H4UIJqh0d7
ballnern8@indiatimes.com,gRLXhN
kmundenn9@example.com,bdUI59NMRZoC
vhedleyna@spiegel.de,GMuFVB
rtrawinnb@live.com,c1nIoT
ejentinnc@over-blog.com,DzIK7U
atallquistnd@cloudflare.com,OXRqGOyb
vwoolmerne@uol.com.br,GvrCiuuu9
bguilletnf@slideshare.net,sYnGj0LRe
lgregoling@plala.or.jp,nj8yjX6pH7
dmertgennh@house.gov,DR0EU8tF
ckupkerni@weather.com,vVYo4Y
pgillisonnj@w3.org,ApVACfHh54j
jgutteridgenk@nasa.gov,IvxIKuxw
orotlaufnl@yahoo.co.jp,h811N7
lmumbraynm@1und1.de,pdNkmAoh8
suppettnn@free.fr,EMFhRhPX
amattaserno@imageshack.us,Q9lYZES2T
ssandyfordnp@berkeley.edu,b5JNp5Uw0YYi
vseidnq@twitter.com,qKZcSGbn
dmcskeagannr@twitpic.com,N8jIBOzi6y
ldehailesns@devhub.com,pOeVuA
jbraishernt@ft.com,oKtw3jH
mnilandnu@g.co,C61cbM
wmacshirienv@techcrunch.com,713owj86mT
dbartolomeoninw@e-recht24.de,hn9j7mi
avintnx@usnews.com,mI8bxSH0baf
fchristieny@diigo.com,OOXkPTAqFi4
jfinannz@dedecms.com,JpSlrCZ6NWO
bbreezeo0@sbwire.com,LKorJEQnD
jramsbothamo1@bandcamp.com,UFZ2W5w3xZ2
gspuffardo2@craigslist.org,Tyv11TwvKCw
bferruccio3@fc2.com,5d5ssiRjxM
rthurlowo4@vk.com,nZGspBWgJK4
ebendiko5@lulu.com,Irs8wfRDrC
abalmfortho6@histats.com,PQaWCVcD4
dmarianso7@tripod.com,UNEulH
iclimieo8@paypal.com,6Os99hP5W
rdowngateo9@aol.com,quPVmfJ
ahinrichoa@technorati.com,tfPo5gpOzm
mhampob@google.co.uk,i9hUDA
dsaxelbyoc@nba.com,zRZnlPF3XFU
hkuhnertod@clickbank.net,xa7nsMFxsfo
mvirgoeoe@ovh.net,leY5ZzCELEv
jgommeof@photobucket.com,dsT5ucHTZ
jmorenoog@nifty.com,6XTvQJ
pmacgilloh@youtube.com,l06mAt05
lsemarkoi@nifty.com,Vt0SR70Iib
mlabeloj@marriott.com,UgbfngbP62iG
tfreenok@webmd.com,oADl1Aavt
hmursellol@posterous.com,4SA0DNlnUp7D
thopkinsom@indiegogo.com,jXX4zeuu25
dsommerlingon@twitpic.com,AIgYVE
jskallsoo@ycombinator.com,N4Ys2cPmi0
gfranzottoop@yahoo.co.jp,zpv768hydpNJ
vgrelakoq@slideshare.net,Fn6gaAdT5r
cricardoor@aboutads.info,SlOp3460pk
gpedlowos@pbs.org,zkeO7scW
wzavatteroot@nbcnews.com,WBwftZ
kmeniou@webeden.co.uk,nNAcg7fRc5G
tcockleov@about.me,afDEcB0
cdeavenellow@ycombinator.com,dVHXsXo
mwhybrayox@feedburner.com,UdRV2YLlFh
amcardleoy@shinystat.com,mBQbjP
dduchamoz@marriott.com,cFC9xfsX21z
tstatonp0@nbcnews.com,rmxPjxluF
slovelacep1@youku.com,xnB6jw
knencip2@nps.gov,F6Uh8ABJ
ehackwellp3@ftc.gov,2hF3JVLkb
tarsmithp4@salon.com,u8AtmzB
ltugwellp5@examiner.com,2baaKf7TVr
ppykermanp6@yandex.ru,IsJDQ0
lbacksalp7@shinystat.com,3NnWznklJbr
jblamiresp8@chron.com,1RgRXvebIgW
jlandsbergp9@ucsd.edu,3OyFt3J6yva
gworsallspa@columbia.edu,h35OaX
jreilingerpb@craigslist.org,ot9cdCdQ
lswaddenpc@wisc.edu,m1AKDIt
nvanrosspd@wikia.com,RWqxQA9jYO
tbestarpe@hugedomains.com,gsgby0UGre
jbondspf@nasa.gov,7n2sbHoyI2m
rcaponpg@apache.org,Em8fTI
jtreweekph@tripod.com,Rqryleqjg0rP
jrubbenspi@state.tx.us,6vxk9k9qgWHi
starrantpj@nba.com,VxcRih01
rfilsonpk@ed.gov,2hA1iS
jrasorpl@businessweek.com,vZ1ylga1
jrutterpm@wordpress.org,34QXTVd11k2
ibrimelowpn@yale.edu,lJd6Drj19U0A
lpinwellpo@aol.com,mrN7AUg1rjD7
rnizetpp@bbb.org,SoG1hbQJiVs
gmullochpq@ifeng.com,ZDqTzBjo
mroopr@wikimedia.org,tP6AP47u
mschimonps@squarespace.com,f57AVOB5Fl
ssantospt@ning.com,Ml5keCxWNXM
lrowenapu@chronoengine.com,fV7FPkhGAJ
iengehampv@blogs.com,47dwFY
sbissexpw@amazon.com,LeyYYm
jallchornpx@wired.com,piAbphSYH
rlettucepy@infoseek.co.jp,ovFiF3Mgi3s
ddingpz@alexa.com,uuLobhs
jtremathickq0@jugem.jp,tz0T2bB564
gmonktonq1@state.tx.us,zWJF94vc
rblintq2@facebook.com,odGoWL9
hsircombq3@comcast.net,rXDOSo
cjagielaq4@is.gd,nkjMes2ja
bkingsnodeq5@bloglovin.com,0sJMqu
iferedayq6@census.gov,ljuS4qa3vRJ
ggehrickeq7@dropbox.com,JJ4Mxa
tmountcastleq8@friendfeed.com,UEea5Ch0HrOb
mcarabetq9@sohu.com,7k6L5x
alabbettqa@sciencedirect.com,Ok0SznYqkh
kbirtwistleqb@constantcontact.com,BGbYoRe
jpalfreyqc@sitemeter.com,SgqiP8
afritzqd@geocities.jp,60J1vrhq0C
gmaciloryqe@arizona.edu,OQpsHwVC
afeatonbyqf@fema.gov,SeqZZZ
jmcquarterqg@gnu.org,r1tDzMbOgU
hjulianqh@toplist.cz,3gWYki
srysomqi@smugmug.com,BGnwTqCSC
mhanrottqj@samsung.com,KVwRElx
gyoskowitzqk@upenn.edu,MibfHqk
jclementiql@ucla.edu,IMdNftyr
larundellqm@360.cn,eADialR
shonschqn@godaddy.com,Bq2nRM
kdallewaterqo@wikimedia.org,tUjyevH7
fdekeepqp@kickstarter.com,d9f8ZmZ
hhamshereqq@wikia.com,iYzcLF
lkennerqr@mlb.com,shztOq
tlyddonqs@redcross.org,TE54epVU3jbs
jgabbettqt@reddit.com,gqxmJguey
bcabrerqu@census.gov,TBn269VZBNSK
jsoldanqv@flavors.me,0FbjgAPXnDD
ppitfordqw@networkadvertising.org,yC6atN
cpitceathlyqx@flavors.me,dBzQqWNMLTYA
lweatherleyqy@goo.ne.jp,yI2vtilxduZ
sbowkettqz@usnews.com,QvoATy
cdrescherr0@oaic.gov.au,Y3pDSKiu3
ecambridger1@bandcamp.com,Aq9BlW0
jgabottir2@ycombinator.com,1wNT3R4W
vcotterillr3@tumblr.com,XFqXHoq
bfranzettir4@addthis.com,HXMC11mKO9
spochetr5@marriott.com,WWTVzZ7
vcawthorner6@flavors.me,rH22Nxs7o
jmckeadyr7@xinhuanet.com,pm1Pw2i
rlougheadr8@tinypic.com,VmSh3G9MTpeJ
tpocknollr9@4shared.com,2fShm42omz7t
nebertzra@furl.net,p7RBcF
fstollerb@prnewswire.com,KDHgnkx
bkoppkerc@ed.gov,waryQS9V
emessagerrd@indiegogo.com,IqnFrQs
espilsteadre@kickstarter.com,RAnQxDj207
mtoffolorf@fotki.com,KrydqcJ5e
mgallyonrg@t-online.de,zsaUe0l
hebbinrh@twitpic.com,kdmqOor0BmQx
rmeritonri@cbslocal.com,fPz9V2WWD76
awoolbrookrj@mlb.com,07mqaVXoECfQ
fblowrk@examiner.com,H1dpraO5xrfs
sdowtyrl@webeden.co.uk,xRvqSnv
nrountreerm@ucoz.com,XdJ39GU8pJW7
lteliginrn@homestead.com,OimRBBR
cpaulatro@marketwatch.com,C845HdI6
efettiplacerp@homestead.com,ofUAAH1FMxCA
dcovinorq@imgur.com,ZEYLtxMbhp
hpinckneyrr@ning.com,WjjLU0
