gde0@ibm.com,eW65lvd
sweekes1@mashable.com,NW96VONgh
boughton2@archive.org,UYXOteeH
aliston3@weebly.com,h6F26FIJ3XmV
rgarlett4@webmd.com,3cqLHD3
psudddard5@desdev.cn,p40dtTS8k
bharbinson6@weather.com,VuNWIV
bgilcriest7@so-net.ne.jp,txBTgI8uc
gjackes8@google.de,svEGen
hportwain9@webeden.co.uk,Ka5a9G
kgeranta@ovh.net,cIGaNg9bEF73
lnoorwoodb@youtu.be,y7FOK4tQ3vk
dwellbelovec@weather.com,yRDeWnDm
dlovedayd@ovh.net,fmeRFQNU87jh
oocarrane@arizona.edu,gJ65T5tnk
wanfossif@jiathis.com,bIN3sd6P
glagadug@nih.gov,Gm4TBXrBKG9V
cdunrigeh@yandex.ru,BgozAlU
cgonzalezi@merriam-webster.com,7yP1ueJguW
mgisbournj@fastcompany.com,u0K0DJ
darnottk@zdnet.com,mqkO1aBadcxf
efuchsl@jimdo.com,MStS28jbrXs
tiianonm@microsoft.com,4Cn2vXNuYB
rbuchanann@blinklist.com,iRGo9ma
ldefrieso@sohu.com,sqDV0wPhZDLE
adavidyp@pen.io,4KILBfUJoDra
hbahdeq@globo.com,ltk4xWxvnw
lfuller@gmpg.org,GVN1WkTfzuJ
fpenticosts@miitbeian.gov.cn,azYHC7hN31Cc
cburnettt@ftc.gov,hwfaPeBs
lsoltanu@kickstarter.com,YXPYIyC
bvillav@omniture.com,pmGJ99WR
ckhosaw@yandex.ru,t1nhkOu
jmichellx@adobe.com,kQTmqg50Hlp
epalky@opera.com,faEz5F17V
hsturgesz@privacy.gov.au,4ICaEf
nvigers10@tuttocitta.it,mAjwdTE5M
hgirardot11@printfriendly.com,mR8LruFH
pperrott12@nih.gov,UkyemsT
jskeermor13@livejournal.com,2igrYwoRs
bkhristyukhin14@japanpost.jp,v6Y3hWPjIQ
ipolo15@yellowpages.com,NZAjPr2
tladloe16@ihg.com,MOcKjb
ailive17@deliciousdays.com,zPvtfblVrN8z
cmanion18@fc2.com,gU6sohT
nspittal19@hugedomains.com,FtaDZg9eIEQ
pcreech1a@skyrock.com,rX7AbdNocT5
nhuman1b@upenn.edu,qyBMf4A6
ggutherson1c@indiegogo.com,FQSVkG
cshilling1d@godaddy.com,qcs8mD4e
tgegay1e@cocolog-nifty.com,CDS8T9Gc
avause1f@businessweek.com,63iHerR
elongea1g@unesco.org,0H4vnnq
acaulfield1h@php.net,JoQUupzijvS
sballister1i@nps.gov,IL3Js7Kw
lgoold1j@wp.com,OWUBSDTr
esparrow1k@reuters.com,bn9XaSlQCl
hsapseed1l@soup.io,ZkjQR0jiI
kfarrar1m@harvard.edu,4XkZnPln
imather1n@artisteer.com,DrPapLBlEqz
hduffree1o@google.com,uaR6kgVOU
rsallows1p@oakley.com,UPaVTv
hfiddeman1q@netscape.com,kPugpUYr
tbarrable1r@jalbum.net,ZWkqWipD17
cbarkas1s@dedecms.com,VBgW51
ypaoli1t@de.vu,8OkrpvFRt1
gkemm1u@amazonaws.com,Z6dhZeFHe2
asawden1v@harvard.edu,G6W6zLrlcvVR
sodowne1w@toplist.cz,agTBOqSSTZiN
fhaydock1x@tamu.edu,LHRrXdaZ
msynder1y@xrea.com,7thYBpZ
jlyptratt1z@seesaa.net,ZmfqiOz
lcrasford20@usda.gov,lPx1lL
ashortall21@disqus.com,DPoBGL
gmollene22@mapquest.com,EvQ8vYM8J
bhellwig23@apache.org,synTdcwp
ctessyman24@walmart.com,frp5u6g
dreedman25@imgur.com,AKvXgg
dtolhurst26@yelp.com,rRiHW6
aplunket27@usnews.com,3OTf3dhQ
tguirau28@google.it,wDPxQeWgSV
ebingham29@phpbb.com,YCg9mnFIv5Hh
sazam2a@usatoday.com,AGXe1E2G2ghd
dmarcoolyn2b@dyndns.org,wE30rqPV5l
sharpham2c@webmd.com,ArXEL85QQwUN
dslocket2d@whitehouse.gov,ccjp0aO9
flownds2e@cnbc.com,fOmoiVH
sgreenshiels2f@toplist.cz,FfRMWp
cmockes2g@redcross.org,mGDWrNz
mjeggo2h@g.co,gmn6htCYOe28
jodgers2i@issuu.com,0cL0FK
mmafham2j@japanpost.jp,OFoHuSKbLnw
dconnold2k@yale.edu,K7duv4
rsmalles2l@marriott.com,t2wKkJ
astollenberg2m@cornell.edu,qIpg0MHH8Z
mwheater2n@netvibes.com,ueJNG4F
narran2o@dailymail.co.uk,vl3sEV
apidon2p@telegraph.co.uk,p2xX9x8voMn
cvasyuchov2q@china.com.cn,9XL4T59ZtbTZ
astatham2r@google.it,BLzUBIHQck
etash2s@irs.gov,L3NwXIwP1n
cfilde2t@seesaa.net,CIEJPq1gVOQo
sstopper2u@stumbleupon.com,fg4Aduze
cwinslade2v@163.com,OjziKw
lparish2w@uiuc.edu,cao85T
ccandie2x@icq.com,Z7aVY5
rricardou2y@phoca.cz,hEePj8vZoNX
apenhall2z@opera.com,OrtnfBd0J9
kwickliffe30@chron.com,kcAAt4inNR3
ggasgarth31@wikipedia.org,TU36j22
mgretton32@51.la,ehIyHhZMa3
dsculpher33@tumblr.com,peqVD4KsFhUm
jpughsley34@jigsy.com,QfU9HOFwNNa9
crucklesse35@imdb.com,wB5zON0acz
rblankhorn36@smh.com.au,0Ggh9vKTC
kbellord37@pcworld.com,pS9OSHYi
rjerdan38@shop-pro.jp,vRrf8L1
ematiebe39@hud.gov,BnF0gnI
sibbitson3a@rediff.com,JjDwbj5
apendlebury3b@domainmarket.com,cVHXUQXa2
rshimuk3c@youku.com,EVmrpMsaw
fpavluk3d@gov.uk,PIE7wATNFO
rdadswell3e@chicagotribune.com,aVcVPFl
sbeaney3f@blinklist.com,n7GYMGT
cyeoman3g@mashable.com,fzabyaQhL
blovemore3h@unesco.org,NOFTv2I
jkestin3i@nydailynews.com,lMpPM2S
aredborn3j@tiny.cc,xJEz0BmBu14
pmartinet3k@example.com,TIXRf9hML
mmunsey3l@chron.com,kXByXi
ahartle3m@home.pl,MrsjieU
bgillfillan3n@columbia.edu,DiIENfxPCgT
lwoolfall3o@ed.gov,YOaRrmFPizMm
adrinkwater3p@ebay.co.uk,52it5m
cmalter3q@reverbnation.com,kgBGhMjdWg2
dnorster3r@fda.gov,jRqD77ig
aisakovitch3s@hubpages.com,Rh88Ve
zsargison3t@ca.gov,rX84RwajAE
derskine3u@cpanel.net,VZ29PjNSp
lraddin3v@fastcompany.com,qLMEtBRh38YW
descolme3w@msn.com,hGzwaKy8Mp
gprescot3x@si.edu,8rh14e
lrudderham3y@macromedia.com,zlZEyF02G
ejeens3z@creativecommons.org,IEsQk3DS
hbreakey40@typepad.com,ZrFEI4y7
tscarce41@spiegel.de,S4nh5Ixo
ggaylard42@weibo.com,1bSMyknalZ
cedowes43@marketwatch.com,maZgxY0g
gjoncic44@ameblo.jp,ywxuyNJc
lvasilechko45@digg.com,fCNNywd
myeates46@cocolog-nifty.com,M90xpuwe6A5
esollime47@seesaa.net,pQDrsQ6Rn
srapa48@goo.ne.jp,UwTpmMIkSAX
scodron49@indiatimes.com,tDAKCFb6AT
rheigl4a@scientificamerican.com,DkIJXtkHscF
lceeley4b@spiegel.de,hPUMzRpXofb
cgunther4c@arizona.edu,6XtQenh
ekynson4d@youtube.com,TLzgrz
kpott4e@facebook.com,RQenbNT
cffoulkes4f@storify.com,dAadtN5GhVFl
bhasker4g@vistaprint.com,XAhoMC1hP
sikins4h@hexun.com,TFki1E9lvj
awadmore4i@npr.org,xiGEzOj
asparling4j@state.tx.us,uWmgv7JK5
eboler4k@angelfire.com,QnR7vkyX
rmonery4l@bbc.co.uk,mquLpJFPOd
nmcaughtry4m@dot.gov,HJHW1mtnC
jmellenby4n@bing.com,p2dJqIz65q
lchrystie4o@simplemachines.org,JRMFXLHe6
byeldon4p@ftc.gov,RoR8IgI
nlaming4q@clickbank.net,IZ8zpo3Z
kedson4r@e-recht24.de,4lCt261
hmorad4s@elegantthemes.com,otLcnhyBPZ
blawn4t@addthis.com,3t0Sef4
athiese4u@mozilla.org,qA8pNLNP3
simpy4v@list-manage.com,CGOfmMdMcKiJ
mivins4w@google.de,5P0I29UQ
pserver4x@cnet.com,Rn2HcYZLjgR
aabell4y@tumblr.com,24tvhh
mlittlechild4z@blogtalkradio.com,WHPgD0iy
hdummigan50@wordpress.com,gedWKrC5EhC
gpinnijar51@upenn.edu,g2gNDph
eduxbury52@sina.com.cn,PapqR9
mwoffinden53@hugedomains.com,ykZ1urdS9H
fwestrey54@apple.com,itiBcOQB
wyoseloff55@ucoz.ru,2O9RRq7SQR
scroan56@facebook.com,NvIdBtrX
schristofides57@webmd.com,9LTYtKRYt0t
bslarke58@stumbleupon.com,Rk4we8
ttiddy59@theatlantic.com,3bdoMnw
shaynes5a@cocolog-nifty.com,J1f2Uu7hZXfA
fdivell5b@engadget.com,a7Px0nNqYn
mlowers5c@smh.com.au,BM62kdSAg
adrought5d@tiny.cc,7bbeVlgh0
pmounter5e@dell.com,IpvQqiSPSKCQ
bcraker5f@twitpic.com,7z5ZELN
bbison5g@gravatar.com,bMKLPCm
clevey5h@hibu.com,oGBUA82NrfoC
hambrosoni5i@tuttocitta.it,0TTu0PNs
mlukins5j@privacy.gov.au,wbkGyFId
nlethley5k@opensource.org,OfkrLSuk
lhamman5l@statcounter.com,ClQAReX7gVpY
lwelbeck5m@wix.com,7lhQIeuF3trZ
ebedrosian5n@wordpress.com,Wo0XvKzMWxNN
lmouget5o@psu.edu,M8HFRw4jqSh
gellick5p@gnu.org,rMlMTchqmz
emachans5q@sakura.ne.jp,jTcuzW63nXY
fdunnet5r@wikispaces.com,LKnJFQsY
jquidenham5s@unblog.fr,kdBkDeQVDZ
whargey5t@yelp.com,dyo3IqT
sflanders5u@barnesandnoble.com,rpa9eRqBic
lpedersen5v@vkontakte.ru,jmlFOn3
lstutard5w@answers.com,GEx9obNM
fcains5x@github.io,YDAXD3T834
tklewi5y@fastcompany.com,yDaK2p
myegorovnin5z@miitbeian.gov.cn,870f6Fwyxtk
bkarlolczak60@ehow.com,omzfBtAvF7
mkinver61@sfgate.com,b6TXZY
kleete62@paginegialle.it,7Yu850f7BXS
ddavies63@marriott.com,l8hFUi
imacalpine64@ezinearticles.com,9Tv45Hsm83o
lstelljes65@irs.gov,jEJRzdERne
rberzons66@godaddy.com,IGPjQuVxxoo
bpatise67@youtu.be,sHtIMp
aantoinet68@unc.edu,HwjDkCBPu0
mwinkle69@adobe.com,vUhYI3lg
ksandry6a@huffingtonpost.com,x07PRb
ojordeson6b@ihg.com,3PyQ3m9L
ljerrolt6c@rakuten.co.jp,7LlWAwlRwy
lhowick6d@forbes.com,STAkM9n88T
nklima6e@xinhuanet.com,YcliLS8
kwem6f@ebay.com,0ZboUJ
vlivsey6g@elpais.com,Yznr2mC
ksimo6h@gmpg.org,suygpY
sgorick6i@flickr.com,G5irTm
kdicke6j@vinaora.com,fjKf041
jivanchikov6k@blogspot.com,xqW7H1R
wmccarthy6l@nps.gov,pC8S41pw
glawton6m@senate.gov,uAE5AVV
dmckimmey6n@wiley.com,7x03LJJx
kde6o@is.gd,I98O6sVZ
bgoudard6p@bluehost.com,I6NTDNHh0ks
rrolin6q@google.pl,Mt0UWkPlBG
kmorrall6r@npr.org,ZB5csKy
mweymouth6s@51.la,TrEHlwgKg
acamblin6t@stanford.edu,cEOqkP
amcgrudder6u@canalblog.com,fkva6vHGCLH
sfoux6v@latimes.com,d8lEqI
pjanssen6w@disqus.com,3OMLA9fxv
erubinek6x@phpbb.com,fuguffH9Ua
cscandrick6y@prnewswire.com,aRHu4gZ
fcawthorn6z@kickstarter.com,Jx3eKWLXEF
rmaw70@ihg.com,KSMZhaQS
mschulkins71@ocn.ne.jp,EnHUnfQZdym
hlofting72@acquirethisname.com,LppWoat
trabjohns73@geocities.com,rFGVjbFR
zmcvey74@1und1.de,Vt1l7dkT9
mmacterlagh75@skype.com,ZrsHGn
jshatliff76@irs.gov,ACOpDoJGmM
njarry77@dailymail.co.uk,XbCvRdxrZR
imusselwhite78@netscape.com,9fTTUFU
cblumire79@phoca.cz,UKeQXeZqhGr
bmattam7a@domainmarket.com,9OntHFyCZm
cwix7b@ftc.gov,8hHmjXbylc
bmcgarrie7c@squidoo.com,b9FTiNvIiJn
acardall7d@miitbeian.gov.cn,M1kfCWhHFi
rkersaw7e@over-blog.com,FZd8XtLQUu
hginsie7f@sfgate.com,EubKX0E7sXND
flufkin7g@china.com.cn,U4itQ6
afrewer7h@sitemeter.com,HjqeyZod
dmoynham7i@instagram.com,vAoyxC
jearp7j@yelp.com,NsErDSe
cpenright7k@google.it,JR7iUVKJR
rdeards7l@berkeley.edu,wPTlNlhgOaqy
ntreleaven7m@ed.gov,xYBSSctzFG
agrasner7n@goodreads.com,0K86tnwdjd
gwinspurr7o@tumblr.com,OKq6FvUBC3
rughelli7p@phpbb.com,g9GFGz
bkrollmann7q@reverbnation.com,c5eLickwj7ym
jfowler7r@virginia.edu,Qftgrj4
tgarnsworth7s@goo.ne.jp,fzg9UQECR
sdurnall7t@typepad.com,U11nEM9voPN
heytel7u@ask.com,Yjg3iga
cswendell7v@si.edu,U5DkZH
cockland7w@list-manage.com,muCFiIGGXZ
mwhimper7x@odnoklassniki.ru,L9970J
sciciotti7y@jigsy.com,Jv3gIAD8E0
malloway7z@spotify.com,pbO3ejVvzX2C
spressnell80@slashdot.org,UIu8IH
edragon81@deliciousdays.com,sxQ7QPR
sadelsberg82@slideshare.net,oG34pE3R
jyandle83@google.pl,t3wVV6wyMCe
pcranefield84@angelfire.com,Q3j5x56
lwelds85@oaic.gov.au,S39W7DQH
hvermer86@ezinearticles.com,utlYARMX2mu
gkellaway87@home.pl,mLs6HUNGYE
jchazette88@indiatimes.com,yKaNSL6OvtjI
ltroubridge89@nyu.edu,OkV4nob
kdragge8a@engadget.com,vtkoBT
sferrarin8b@who.int,sdeVLh3
bchaney8c@pinterest.com,kT7eLm3eDu
slendrem8d@mapy.cz,V8TGb082hB
gcalbreath8e@fda.gov,fCj1dY
ccostley8f@nps.gov,kN8r17
ctitchard8g@friendfeed.com,h43OukAxL
ljoskowitz8h@networkadvertising.org,axxKVP
sdiano8i@mashable.com,k40QfgY3j0XA
pzanni8j@aol.com,vmesrZy
lgribbin8k@ucoz.ru,VGJGA2qhW
ivargas8l@ibm.com,wi4t8uO
gsleight8m@desdev.cn,fpYz1WdVOu
vmcmillian8n@fastcompany.com,XJzDnN
cbrabban8o@plala.or.jp,Es1ROtLhuBG
gdewer8p@indiegogo.com,WuQK07n
oforstall8q@domainmarket.com,PImNYqI5b
elorrain8r@sogou.com,cpTiVXBsfv5p
lrobberts8s@last.fm,bBCCaA
mshambrook8t@xing.com,TFsw2YWkzPu
egustus8u@yellowpages.com,CUdk6Rn50
hcruxton8v@seattletimes.com,3XXLGRhoYeN
tsouch8w@nba.com,z8Qjz3YhmLL
jkunath8x@boston.com,xmVLLg26dht
tdumbellow8y@ebay.co.uk,ST7EvrNCM
mcominotti8z@eepurl.com,PSvLvIc
rvick90@earthlink.net,3div1Cp
klaux91@mozilla.org,txMXWvnv
nsturzaker92@go.com,reVTVVVyA
fghiron93@symantec.com,2swKI9XWm09s
cbeggs94@spotify.com,1v2t400UKOJ
jde95@thetimes.co.uk,fqZLCdPC
bbrumwell96@exblog.jp,YovqsbFbAtNN
aarnull97@cnet.com,4C7xcozeNU
dloffel98@studiopress.com,xCsE1zCXL2
mliddiard99@nytimes.com,6jYdEQ
ecullotey9a@vkontakte.ru,eIpadtU7h
dshrubb9b@elegantthemes.com,JK4Mjb9uQD
bcummins9c@twitter.com,4mp4D8582ykk
jwaywell9d@unc.edu,t1un3JUMLQs
mblemen9e@geocities.jp,gNgwz61USov8
pwalenta9f@google.it,zMJmmD7
jchooter9g@yale.edu,qaS7XQ
vwilleson9h@columbia.edu,EO5fsO
aprestner9i@foxnews.com,B3eCTEzQNc
nreams9j@loc.gov,ymJvP7xVXX
qcapin9k@gmpg.org,7nClD9xMfy
nbarense9l@e-recht24.de,d6WBjMpBy6nO
mwinslett9m@naver.com,GHjF2BZkT
jbraz9n@github.com,SvRhfyPRj7EJ
wneissen9o@dell.com,tKJ5QKyAxpbU
hkemmey9p@pinterest.com,LB54J0
phain9q@google.es,bU3OcV
vtossell9r@yahoo.co.jp,nxHYir4JwI
do9s@bloglovin.com,AZVK1cMZS
dfenny9t@nature.com,v6MXSsy
tfedorski9u@marketwatch.com,cQdOLcL7N
boak9v@toplist.cz,FLu7dO7FOZ
schastan9w@ycombinator.com,AW2kn46
sde9x@fotki.com,F55O3Y3R3VWg
tespinet9y@photobucket.com,nktCPsrLhdF
lshadfourth9z@woothemes.com,hqXOmXf6ig
mfredsona0@mashable.com,h4oZlj1DPV
vpaoluccia1@xinhuanet.com,HFAFyw0
mbielbya2@woothemes.com,88XVx71IkMxZ
tjosha3@cocolog-nifty.com,TvMWsj6ZD
jerskina4@t.co,QMlLbM7Ip
fmeliora5@uiuc.edu,UZy9myUD
jfrankiewicza6@ox.ac.uk,Yu5aVwJb
mhellera7@php.net,LvUYWFGl
ajakemana8@bbc.co.uk,YD4s8B
ghatcliffea9@paginegialle.it,qMLc7Gju
gregiaa@wired.com,xriBkUh898
esyslandab@slate.com,BYTECWO0
emaceveleyac@chronoengine.com,01cILHb
ngillattad@delicious.com,H0Bbs5RY44cV
mmolineuxae@huffingtonpost.com,cZea42Bt6N
tfarlamaf@list-manage.com,Oqqt0ny
dheinssenag@sohu.com,2NUDfocH0
npuddleah@whitehouse.gov,rA7SiFL5
srodolpheai@issuu.com,p8W2ulgld
egantzaj@unc.edu,IsC7xy30vR9
etripletak@samsung.com,i0OC7KWr7
nfeaveryearal@skype.com,l8khKA
dthunderam@vinaora.com,NndDzB4nmw2
gkirschan@list-manage.com,DaSdjJB
bschindlerao@theglobeandmail.com,kOtHskzay
hbraggap@netscape.com,VBNY013
wcassellsaq@boston.com,o1hep1ZczPA
gwreightar@nytimes.com,aCyiy60nm
hpakesas@comsenz.com,bIT1IYIq
slestrangeat@fda.gov,FWbo9x7
abyronau@pen.io,XZY1RaCq
cfransecoav@marriott.com,wd2iLAc4
aspeiraw@is.gd,RkkRD74ml
ayarnoldax@symantec.com,4yc6jD9S
jmartynikhinay@slate.com,TdFMTd
qmeranaz@webeden.co.uk,RKLtMCLZSHb
ycasperb0@sciencedaily.com,zzNHnae84B
dlordonb1@hp.com,4LUbd8nxA
aroundsb2@weibo.com,OHn0bmRTrtnL
csaldlerb3@clickbank.net,LJhx4Y4q
bwahnckeb4@ucoz.ru,lpWMQgvO
sfewb5@springer.com,MdMaLUQUh
fcraytonb6@mysql.com,3l1MAzVhQVV
lthirstb7@google.fr,3TQatiSsAdr
fosbaldestonb8@icio.us,yOKHhu6sJeY
mrawesb9@t-online.de,yH5kWc5
dfontaineba@marriott.com,AkmNwEceH2F
jrosbb@ft.com,l41j0pYilxX
aboothebc@home.pl,8Y0PYLyaOx
cladsonbd@ebay.com,cr8MevBu5U
fmcbe@unc.edu,HPkat4l
gramirobf@so-net.ne.jp,Q2SRqcWzM
scollingworthbg@sphinn.com,OzMOOxNDDAo
nberthbh@mtv.com,OA7fW0JsmT8
srodearbi@dmoz.org,1d3BSRiI
emordantibj@yellowpages.com,EDcgmU
cmalserbk@live.com,RxpqoR5W
bmatussowbl@networkadvertising.org,UamznUu2Mo4
ckestonbm@i2i.jp,jqECEZelB
ahouseagobn@yahoo.co.jp,LUc1pP8nwwAU
arandersonbo@ft.com,hCMhnd4ifu
bdebp@canalblog.com,kjzl6PBKdtH
wodombq@ezinearticles.com,3Y4cvc0T4
cbazekbr@google.co.uk,4fLNFRcqdG6
sdoddrellbs@blogspot.com,iaB5jIoni8D3
criddockbt@alexa.com,nxGgEfW
mwaldrenbu@tuttocitta.it,a89PTMTsVQq
santonssonbv@craigslist.org,zf4PeqiW
dhakkingbw@state.gov,JAcOSgCjA8
lhuikerbybx@topsy.com,V73Wex3GLle
mparamanby@fema.gov,4m1mJu8Fn
tvalasekbz@npr.org,Ar7arseV
mgurnettc0@blogspot.com,lH312dJZ
dhebbornec1@toplist.cz,hNEqkqGN
hdommerquec2@e-recht24.de,O9kRZbpI9
ebailec3@jigsy.com,bnxk7nu
igohierc4@dedecms.com,V3xGMAbOe
vproctorc5@vk.com,k3AIAcoD28I0
ssalzbergc6@istockphoto.com,X7Rclr3naPAS
bmcharryc7@twitpic.com,AZqyvBkD7Zv
dpolandc8@shutterfly.com,hjwHQfhhgt
ssantacrolec9@ezinearticles.com,qv2zyuF
rlaphamca@msn.com,NRq8haYDPOir
tklasscb@phoca.cz,xrrPLtk
gneavecc@nature.com,Q9uT5vGnbb
zjanacekcd@virginia.edu,ekr3UhByyJul
cflemmichce@purevolume.com,04Xspwx
jchassoncf@pagesperso-orange.fr,6ijZE4q
doxfordcg@springer.com,TnqjiaQNMW
krudgleych@ucoz.com,X9MMZQ2LsZw
runittci@edublogs.org,rbOvNu
smanvellecj@berkeley.edu,l8AQlkW946n
hpalombick@blog.com,agtBdi
mbennettscl@sun.com,dGuUxGW
telderedcm@com.com,6WCtVidvQ
skensitcn@unblog.fr,plJ2vA
mcrotherco@e-recht24.de,E3uBiYft7c
nboullincp@irs.gov,cV12ZH82
imeaneycq@addtoany.com,vryhNLOo
rjotchamcr@craigslist.org,GIkUfr5
staillcs@indiatimes.com,PVudxQfRSzI
cstrudwickct@uol.com.br,Z0JzsTKs
sedardscu@privacy.gov.au,s2fyRkF
kthomblesoncv@linkedin.com,WvkoqBS
ebrumfittcw@salon.com,RCHFUyfR
dantonicx@csmonitor.com,VCjVZoG7
umcsparrancy@sogou.com,mSkWni
obutterleycz@uiuc.edu,JuvLo6R1M7
arourked0@studiopress.com,tkqQiE6
mcrakerd1@comcast.net,3weXY3fgDMtL
dkleinstubd2@hao123.com,cjJacL77d51
bwallsworthd3@csmonitor.com,8dDaxMEXEE2G
achristescud4@mashable.com,0RkMqyaX8e
dbrounfieldd5@dyndns.org,WMLUeJ5AZ
mchiltond6@spotify.com,5Uq6Nod
ptoshd7@wsj.com,5iV1k7VdLI1
esummerfieldd8@utexas.edu,R0WYUJ
lbrabond9@mac.com,jOlgeCY18l
bdukesburyda@shutterfly.com,U3h7oXuqAHa
jgalliverdb@imdb.com,RvEYhA5pD
jmcauslanddc@digg.com,su3mKIy0Yk
gscracedd@google.cn,7v5TvvjM
thuskde@icio.us,sAWUK1dSAl0L
frugglesdf@prnewswire.com,gC1nUd
trofedg@technorati.com,FMHeotiTtQwg
bmacpadendh@squarespace.com,YnbtiJkQpta
vfilerdi@webeden.co.uk,K6YVRaYe
slakemandj@diigo.com,Ef40lD2lH
glaidlerdk@meetup.com,6Rkh27f7SmI
ddiesdl@stanford.edu,p5VyeP27yj
abastowdm@apache.org,yfuDCHr3NE
hcleoburydn@chronoengine.com,43NVez
jkenendo@cbsnews.com,1FympDnrS6
tescottdp@guardian.co.uk,HCqyCrwGEN
mlunddq@chron.com,F0uJ5Pobqj
ayellowleesdr@boston.com,jdqyBeX
mfaillds@cnn.com,xGmMPV9y0
nlareddt@plala.or.jp,nTX8M8
ffishlydu@ucoz.com,SE22g7y
kgianuzzidv@lulu.com,rTkJ8jdvs6
apudendw@yale.edu,al7v5G1Y7
jdreidx@pen.io,fvzzusr7XbqK
mgrassotdy@noaa.gov,xVTm7os
tmeenehandz@clickbank.net,a4Fl1roYeE
escranneye0@opera.com,nWmY3a9JysU
jwithame1@yolasite.com,wu3bQRlckH
lcambridgee2@sina.com.cn,5Dm2rK3FjKMN
bdaniele3@nhs.uk,jDutbovdzFpT
ptulloche4@cornell.edu,KNCMGH
qspillinge5@twitpic.com,g0442O
esquiere6@vk.com,ed3VsIE
mpettiforde7@si.edu,vfEeJfO49YB
cyegorchenkove8@paginegialle.it,ZuoWFOd2x
ccardilloe9@economist.com,xmzwSDbi
vhemberea@economist.com,GZFfrR
jbransomeb@bizjournals.com,lbetXdE
ldanielsec@dailymail.co.uk,VD5cq4YHFO
ituroneed@yellowpages.com,kfLsrseKnK
cdoerree@oakley.com,GOhxrVh
ccurreenef@smugmug.com,BH5uhD
afebeneg@miitbeian.gov.cn,GNXDlhRrvIfw
bhaburneeh@latimes.com,mP7CTAFy
ddinsdaleei@squarespace.com,tMvQ20
rboyingtonej@timesonline.co.uk,2k1n7S
abutterickek@photobucket.com,8lZq0b
myashanovel@usnews.com,vgqHrx94
sniaveem@oakley.com,MXy3TX3ysR
kmateuszczyken@cdbaby.com,cvgbSPJZi7V
mmillingtoneo@zimbio.com,1mBMhPU1u3W
sswafieldep@technorati.com,ntnbL3Qe
dmontillaeq@senate.gov,quPKraG
fcleyneer@youtube.com,4X5w2Z
vorknayes@oaic.gov.au,I0hgobGVT
rdeet@digg.com,DuK9cak1Ev
hwillimotteu@addtoany.com,A4X0K8Y6Kx
ejollev@hud.gov,58ZEQy6CuA
clancasterew@51.la,54U3rkbCcnIK
ibriggeex@biblegateway.com,4eVYwk1Qptl
ngreenstedey@si.edu,efdHsVtSfKv
gtremmilez@angelfire.com,BqEJNeP3mr
rhenrychf0@xrea.com,ZMWqYAJu
hcubuzzif1@amazon.co.jp,0s8QCBeQbTOn
sgianninif2@netvibes.com,XmyuoMdz
rbassomf3@usda.gov,KlQwgEcH
klampertif4@soup.io,lcJThQ
hwoakesf5@narod.ru,b9JqCI
jmeganyf6@theatlantic.com,zQMGhJowPEq
abourgaizef7@imgur.com,lOblaML
ktomanekf8@sun.com,jR4aIaS
mvasquezf9@disqus.com,K0X3MU5
rfonteynefa@google.co.jp,gCjdX2fsT
scurtoysfb@ted.com,Rd13tGUo0MvZ
lluckhamfc@deliciousdays.com,NerYIG
fmacroryfd@gnu.org,r9liIO8rPX
rogradyfe@paginegialle.it,N4taJOqI
mstefiff@hao123.com,mKB47ZrqhmBZ
rskirvanefg@google.nl,sN9W4CmCdvY
bdelapfh@who.int,mj8iNKTYAtm
fhulkfi@mtv.com,cp2eik
ostiggerfj@yandex.ru,wyn829KvDRgx
afoardfk@phpbb.com,j5dvvlR5BXq
mmcgawfl@wisc.edu,nEJzUJQI
anorthagefm@bigcartel.com,pcpwhSOfjSMN
amacfn@nature.com,jX8CnN8Lgs
mbraileyfo@hhs.gov,rGLt4Ot
ebockenfp@washington.edu,rCIYUjpl
arapofq@tamu.edu,p47mtEmLEUJd
mallinghamfr@hibu.com,MHUnYbgaPp9
cstollwerkfs@youku.com,Tr5pC19tf
kpevsnerft@baidu.com,lYUJ0Lg0
bvaninfu@google.ca,ut0pCudvJcJp
icaullierefv@i2i.jp,IeAGL8jY
erablanfw@instagram.com,bnXNbjN
iwindybankfx@tuttocitta.it,bbCwzoux03Wp
ccreamenfy@tamu.edu,BVq7alpun
aattardfz@google.co.jp,CqI1OYJbfjb3
vyerrillg0@addthis.com,yFya5DjHcJQ
ttantg1@qq.com,eH7BZTPP9FSt
rmartynkag2@mail.ru,zy6sE0HXhF
rreag3@squarespace.com,43rwsbGV0
stathamg4@phpbb.com,VoemVys
aboddisg5@google.com,l3YyLNwD97y
aorrobing6@discuz.net,bGx1GMVjB
aeveringtong7@sciencedirect.com,t1c8knAUvHt
aoconnollyg8@tumblr.com,j53cmy
jtimbyg9@dagondesign.com,FZggMb
kpilbeamga@va.gov,xbR9Xmv
bvincentgb@edublogs.org,agRSLF4TB
dkellettgc@discovery.com,VG78IOa
avangd@miibeian.gov.cn,dQM7reP4
pwestmorelandge@usgs.gov,XqCOliT8
gizkovicigf@devhub.com,VZM6MPFYa
coldmeadowgg@amazon.co.uk,GjIKMEHPwGV0
vbarfittgh@1688.com,yfZvZzWowJ
dsquirrellgi@ibm.com,KZB0GJL0K
rnieselgj@indiegogo.com,IyBs1wmP
gstedsongk@amazon.de,gSd1QgqWI1U
nmahaffeygl@nih.gov,s9TYIN
rcleavergm@accuweather.com,IKIDgy8g2Q
moleszcukgn@narod.ru,WQhrF8bSc3sg
aatrillgo@aboutads.info,7mQwWfy
bfolangp@home.pl,Squt58AGN04Y
tbraishergq@sohu.com,grIkPISBaym
yfencottgr@reverbnation.com,ORFMWZA8Oebv
dstanburygs@nydailynews.com,GXB4J2FFHJD
dbaddileygt@paypal.com,trjyajy
gkellingtongu@bing.com,wGHlMrM
mduffergv@moonfruit.com,WjqF24S
wclutterbuckgw@goo.gl,lrTKaF
dlibbygx@creativecommons.org,Mj59rilysFME
zdonnachiegy@illinois.edu,xHCsIxWsC
shacaudgz@chronoengine.com,muAqfEZaS9
jcicceraleh0@unesco.org,13DUvU
ymcvaneh1@yellowbook.com,ARM9G2z
ndeh2@tmall.com,uios4P
sebdonh3@123-reg.co.uk,44zTGgHqPzC
iwestneyh4@intel.com,eIRyvxInJ
mburdfieldh5@umn.edu,N4vIcgZ
spymerh6@livejournal.com,Zr20j7j5B
emcmylorh7@trellian.com,JbAwrF83dbV
bsillh8@si.edu,M9e7saQAKHl
clivingstonh9@sciencedirect.com,xOeLKW6Y10U9
mtraharha@shutterfly.com,m6zSb8qChvi1
ttwinberrowhb@unblog.fr,fok8b6N7EM
greightleyhc@goo.ne.jp,W44Ulot
rmaundrellhd@army.mil,lDJlFuNS
lpatishe@washingtonpost.com,SD416DZOT8s
bbyffordhf@tinyurl.com,wtP9p8mw
pshowlerhg@free.fr,uwbjy4zpgG
karonsonhh@forbes.com,UeYVKWQ
spugsleyhi@webs.com,IkXzM4l0H
logroganehj@msn.com,FYiXQX0x
lozannehk@domainmarket.com,BuPDGMtfx
reakleehl@sakura.ne.jp,mmmqtV6
lbalthasarhm@craigslist.org,kYfedMTQz3
slagaduhn@house.gov,wemYLkg4kCH
mgoldthorpeho@buzzfeed.com,GLtAcVGjES
hfulcherhp@comcast.net,aveRDd
cmaccurlyehq@a8.net,OKgLb4pc8W
egindghillhr@feedburner.com,RmvpSevIqZ
cgreatrexhs@army.mil,vrugOCjiIGGK
dgilbertht@kickstarter.com,VFYsfhAKNbZ
clissandrehu@washingtonpost.com,bZ2L9PD
tlodohv@bigcartel.com,7WivbkgVyX
cdovingtonhw@illinois.edu,VB9vqfgQ1M4X
ghuethx@oaic.gov.au,EptuWP
scornfoothy@g.co,ufz6IJkPxieB
prossanthz@nhs.uk,MRBqqzAaquD
schaudrellei0@tripod.com,yBEaFhTxJ
bhitzschkei1@google.it,cnEgm7TS8pp
kbidmeadi2@apache.org,wwRJss
crawstornei3@de.vu,BM4mJuw
gtwinei4@jiathis.com,wNN7BKoo8a
athreadgoldi5@livejournal.com,QIsIsG
apaladinii6@narod.ru,bpRhgZO
ncovili7@aboutads.info,cOrAFs4M
celleringtoni8@opensource.org,xVLE1tB
hghirigorii9@moonfruit.com,irUEJWhm9
cburlingia@yolasite.com,Hjgr5lp2kD
oditchib@domainmarket.com,aHOuwyWy
jfeldbergic@sciencedirect.com,Fp07IAXCXC6q
mrobinettid@list-manage.com,qgsNPLvOPxtJ
dmackilroeie@geocities.jp,1ZOmXbJ9HQXj
cacremanif@thetimes.co.uk,kIx3cbhUEi
ebruyntjesig@etsy.com,YzqVZ3z
slembckeih@mapquest.com,cuRiaf514R0F
jjasiakii@bravesites.com,Obum6fEPi5cA
adanielisij@github.com,HGbq0nStu
vjulianoik@ted.com,lEltiaagX1HU
ccaplinil@oaic.gov.au,UYTe65fCF
klatekim@cisco.com,VczKvG
cstorriein@fotki.com,K2NnfJa
nhickio@latimes.com,LyhewRP4VL
lovellip@mozilla.org,G6cNKLvAC
jwetherediq@google.nl,MOs2rur
ebodycoteir@cisco.com,ACvJOvUHS7
gboldis@github.io,9KckptzNC
dowtramit@php.net,biGKhq
ddeelyiu@printfriendly.com,PiAUFTwDB
clackingtoniv@deviantart.com,Kp0jxgz
ncorneliusiw@cam.ac.uk,5JaXqD4xHl
cfraynix@mlb.com,3Ov9uVsmPZ
oclanceyiy@salon.com,QKXPOzMsEG2
dhuxsteriz@weebly.com,Ps5m1cwK
bethridgej0@istockphoto.com,gAs0pRP8A
zlustyj1@dyndns.org,UToD1s
zlacottej2@nytimes.com,SuDvOQEaJT0
rgorgenj3@merriam-webster.com,L10E6kd
hworleyj4@feedburner.com,DVroTjFhwSV
kkuschekj5@admin.ch,HazztMlXc
havrashinj6@globo.com,jzS2xFImn0
lovizej7@nature.com,cCl9BJCk3WO
caxfordj8@fastcompany.com,jLL13wvK
jclitheroej9@google.ca,Wzc27mBL
ltummonsja@comsenz.com,zenfxp
bscholtejb@amazon.co.uk,SPlP1mB
lmichallatjc@fda.gov,wRiSoS44Dn4e
modelljd@disqus.com,2qQMDIXJW
amcfaddenje@seattletimes.com,LH1Wj7zsAPX
gmilnejf@paginegialle.it,zoUhWae
cdeenerjg@gizmodo.com,FAAyzt4Rx1
jgrelakjh@psu.edu,wzPos1o
treynoldsonji@sphinn.com,NjCk17Z2
zsimekjj@bbb.org,BouF6Y92g
hscotchbrookjk@cbsnews.com,h24W2FNSVt
rellardjl@cisco.com,NCfYF8RQ2WnA
xbalasinjm@ted.com,XubnrRBVQ5A
adumberrilljn@altervista.org,oZu1Ai8
dmccrainorjo@cnn.com,uuo3NrY
vgoosejp@jiathis.com,a5RJjGH
dbramejq@marketwatch.com,Bhu3iax
lsaltsbergjr@purevolume.com,qV649VZ1j5l8
jdurradjs@telegraph.co.uk,lJBUE1MNY
ecornewelljt@nba.com,NRMcvHBkE3GM
jbarffju@harvard.edu,VO9r8aVGj5M
hcuniffejv@va.gov,VepnjAxT
lsollasjw@dailymail.co.uk,5PeCrBdE0ze
cbladesjx@biblegateway.com,9sTbRyLLEUYO
mgoodlattjy@webnode.com,o0JQFfe
cpeepalljz@harvard.edu,3Dt5MZFPTXnA
dblandamerek0@furl.net,We1ZqFYZU
ncringlek1@mozilla.org,Q2FkG7oV
jstaffk2@rakuten.co.jp,f00dvXy
aasquithk3@google.co.uk,jsvWUz45H
gfrillk4@plala.or.jp,zaYAa3nourZx
voatesk5@gmpg.org,AON5xb2
hlevinek6@xrea.com,44SPGkMxMyM
nbraundsk7@prlog.org,bDUhIxco
jshasnank8@cafepress.com,aHZkeCuVK
hsleenyk9@vimeo.com,rIG2NnUwZ
sosheaka@stumbleupon.com,8nO3iOkt
dmackillkb@flickr.com,dFwLBi
rcasinokc@skyrock.com,AodnjJ7X
sellinkd@purevolume.com,enJ0fyBcPR
xciccottoke@wunderground.com,dLSC0k
aharrimankf@cyberchimps.com,xNIEiqS
icrossekg@example.com,Q6ljim8r
egloucesterkh@dyndns.org,nb4IDm
rvouleski@tuttocitta.it,lTf4VpfTs
uborrowkj@economist.com,ANxvC68vn
gorgeekk@github.com,uUBC4pUv
stamburokl@icio.us,y8Da9g8IA
llathykm@123-reg.co.uk,oEI8QjAPOWA1
ccoppokn@sun.com,CGtefQqZ
fmeddko@amazonaws.com,yCM5zTPSbP1
gdemageardkp@diigo.com,1OaeDWjIiJ2i
plongbonekq@diigo.com,9MJhAmt1r0CB
bboodellkr@homestead.com,aTq3JPwCIqPW
adrageks@netscape.com,5tvGMgPZJD
ktinhamkt@msu.edu,cah2z9vuQce
nhabbleku@stumbleupon.com,1oMbmrv
dmchirriekv@bizjournals.com,Bl1kt0C
agagiekw@salon.com,GATdvOXZmL
croycraftkx@cnbc.com,YxJYp7GWns
vboustredky@webnode.com,GfQHuoV
mfassamkz@buzzfeed.com,83DcdN2V
ikyttorl0@surveymonkey.com,doZJuIzS
gszapirol1@e-recht24.de,FN5CMnRV
atumel2@phpbb.com,IxNWX3cmIp
jspellecyl3@fema.gov,WhjJ8E4w
kbernaertl4@friendfeed.com,fG9VSBB
gsennettl5@cam.ac.uk,oqjrz8K20
fletchmorel6@gizmodo.com,7vJSysuAPw
predmaynel7@seattletimes.com,21ZvhOzvSMLY
cpegruml8@about.com,es7S9U
nbattellel9@skyrock.com,fszKGpfri6
aiacovozzola@cbc.ca,AwHBn1dKET
hbreawoodlb@com.com,reSP5W5styi
hwainmanlc@desdev.cn,cxKoOJ42
kmcgrowtherld@sfgate.com,fL3IoU
echristiensenle@flavors.me,f7DgWvgO
blesleylf@aboutads.info,gOgZGLsrF
bcrosherlg@freewebs.com,f21R9ClEv
whurfordlh@google.cn,qgwK8ovWj
khaslochli@topsy.com,3hHIpUS
epattricklj@gizmodo.com,yx5lSOWey
vtapplk@princeton.edu,bOGwmmXr2
pfeakinsll@shutterfly.com,A0Pqa5ZIW1
msondonlm@uol.com.br,x56XqFCXKnj3
nbengallln@chron.com,rsPOwKzb
dgrasonlo@wufoo.com,lGeWuGtn
fjuralp@sfgate.com,Z0BpPUcF5fkX
kjanlq@tuttocitta.it,rphAkawZk
bseabournelr@digg.com,VAbG8O6
hdels@github.io,ruLJiSLVlE
mlinklaterlt@shop-pro.jp,w0PNkPegr1q
mvaseninlu@sourceforge.net,w6dd7iUGB57v
anoldalv@bandcamp.com,DeguiLoI
nidalelw@narod.ru,ObaAYQv
fmonceylx@ibm.com,ATo5utoY
tgideonly@ning.com,LkJtQU8
skilbanelz@google.ru,Hw4gk8U1pp
hescalem0@google.com,UlbHYKkWZ
bschulzem1@reverbnation.com,Id9l9AAo
pdigginsonm2@dropbox.com,9zNnKPcsTsiP
cgosneyem3@tripadvisor.com,uABlhEDpUgs
bbaseggiom4@upenn.edu,6KT8ARUEnPak
tchismanm5@xrea.com,YIejPWYN
hcurrorm6@bbb.org,eB0K6CNxprjR
clebbonm7@sakura.ne.jp,yTMWQRWNrwH
mmumbersonm8@gravatar.com,rDIdG7MB
klazarem9@amazon.com,miFXsO6
scardoma@nps.gov,o1ZJo2tLP
mdemb@constantcontact.com,rAeWWOU23Oji
cskowcraftmc@tumblr.com,bKCaEE3M1jT
vcubuzzimd@nymag.com,Ic5uTydbmR
osoltanme@uol.com.br,OJyEVjoPH
sscreechmf@microsoft.com,h9mm3Xl2OO5
agiffenmg@sun.com,XEekmzdW
glunkmh@soundcloud.com,bH4KbXuze4
npigginmi@hc360.com,ziZSpJ3cVSy
cizkovitzmj@scribd.com,5wDT6vgZfZjb
aghiriardellimk@nasa.gov,vrzuc9vwsoJ
aseczykml@dailymail.co.uk,keTExzsu
ltumbridgemm@google.ru,mOaqme0ju0r
ggablemn@sina.com.cn,tjAxqdfO
pfistmo@wufoo.com,ph0xiXaPBRff
iharwellmp@google.com.hk,u7jrPGpyAy4
jhrycekmq@tumblr.com,Q9ezlIXPs
bbeafordmr@flickr.com,0WpBhniPg
pheintschms@google.it,sQmjPF
ikaynemt@google.co.uk,DwnNQ3F8hfzD
awhatmanmu@arizona.edu,AANxE1dVq7k
leliasmv@lycos.com,5XeIKC
mcaldeiromw@seattletimes.com,4NaX2huDKXEW
cblunnmx@nsw.gov.au,Rp6ETjUcPVCT
rlosebiemy@irs.gov,aixEvB8s1W
cricharzmz@archive.org,hA50diqjQj9w
eerrichiellon0@flickr.com,zlq3k6
ckarpmannn1@cdc.gov,3mhqnf
isimn2@constantcontact.com,zse5UB
rdunridgen3@t-online.de,jyk6woe
krosinin4@berkeley.edu,xdM4ph
cjoesburyn5@wix.com,PXGpQbV7TJ
ofonten6@pinterest.com,FGym59o
bbottinellin7@google.it,I2Vkh2dX
sgeron8@freewebs.com,2GSiIeADGda
qkeunemannn9@themeforest.net,2v4lx4ET
lgrimmolbyna@cnbc.com,1y0kp7J
mduffillnb@umn.edu,yadYpGQAa4
eperullinc@zdnet.com,ETHOZ4xCizE
akollasnd@gmpg.org,E9ZNjrQqp
ibulfootne@icio.us,TFxDBrTgvZRl
tklosseknf@feedburner.com,3zVCgMTW
jbartlomiejczykng@naver.com,g6mBXb
mwindousnh@ebay.com,MAMHpeM1WogA
rdewini@oaic.gov.au,z7PvnovU
aninehamnj@gizmodo.com,DY3MWn
rorowanenk@spiegel.de,L6di8oVfR
fjosskoviznl@msu.edu,fxBlSTQb
lreveynm@google.com.br,EGEX5aX
wmccorynn@yellowbook.com,qwCp0KgPqUPN
dmoratno@comsenz.com,GmtMf5mOcF
wkeegannp@hao123.com,MThoqT9
atregeanq@narod.ru,OEtFQRL
ecossentinenr@scribd.com,H6s9ee9
ebaudyns@mozilla.com,SJNoVHj
awigmorent@hostgator.com,ozs35x
ywhitchurchnu@ucoz.ru,lfMCDah8dQ5
etattoonv@creativecommons.org,6kIA90
cdabbsnw@cpanel.net,EUdMB1U
tdavidowichnx@bbb.org,LznU2GzlPzZ
ewardropny@reuters.com,YBM7vBW
rputsonnz@bizjournals.com,JqFVkb5BT
mcholtono0@marriott.com,LRcF1U1I
ndivineyo1@japanpost.jp,evGpnB0Kf
hmcdello2@examiner.com,Aib4mWrnMhdI
mkeattcho3@liveinternet.ru,UeAZPChVQ
rprueo4@foxnews.com,aa422I
ktomseno5@fastcompany.com,f8FKFeAmfkl5
wmatouso6@forbes.com,JKLV6Ifd
sleyeso7@over-blog.com,LY1iH4So
bhawtryo8@gizmodo.com,ljlJq1
egilhouleyo9@gmpg.org,JsfPwvB
mdeplacidooa@about.com,QOSnYlq
etrowbridgeob@princeton.edu,UbhStocFk
eobrollachainoc@earthlink.net,GznU15aQrrx
wcolganod@nytimes.com,8wR47C9
fbalasinioe@themeforest.net,2jxVmzQN
clabbof@storify.com,z2jCJhSZrb
cbernardetog@ning.com,he91J5jaRyH
vmuneelyoh@dailymail.co.uk,rC5Ssbe
hocriganoi@simplemachines.org,KeJYNQI
kyerbyoj@about.com,ZtHQtxIcex
dscortonok@nydailynews.com,UX1btIxBa
rrizzolool@yelp.com,SY5r7tp3pK
asteensonom@google.com,YJM1Bn
aspelsburyon@pbs.org,z44qoFOS3sE
dcharnockoo@hostgator.com,jjm6WJwPk
rreckusop@vistaprint.com,iOGoK8DD
giannittioq@ox.ac.uk,m4VWoO
ehantuschor@facebook.com,UvCJQpfmoYq
ddmtrovicos@biglobe.ne.jp,AwqcYu2
mgoodspeedot@hatena.ne.jp,lQGPxYFqM
mamoriou@arizona.edu,zHKFCfi
pizhakov@marriott.com,0jWETund
wgipsonow@netvibes.com,mnY646KWBoLY
tlerganox@tumblr.com,g8whNr
sthairsoy@smh.com.au,Bl4Alixr7Red
oyausoz@fotki.com,5Ehiwc
abarrassep0@51.la,519OLWWdUI3
mgullp1@istockphoto.com,TO0MKD8FM
fguietp2@wsj.com,Se9x5U
kaldwickp3@washington.edu,rb7m9jr
rsloanep4@e-recht24.de,y1EEMm7p
tloundp5@jigsy.com,lbEiV6Pl
sstensonp6@hatena.ne.jp,hoiCoIaIJTrN
gpaulep7@washingtonpost.com,6JfgSMsn
wgareyp8@columbia.edu,H3QKWESLg
fwherrettp9@thetimes.co.uk,9lGxrqDBDu
jrickerpa@rambler.ru,G79wxsIh0
gmattheispb@tiny.cc,OyMX6nH8bg
ffeehilypc@wordpress.org,ATAK1Ztux
imallionpd@yahoo.com,P9eHm4f
tlocarnope@kickstarter.com,jOo70YFUSXE
steenanpf@nydailynews.com,SEbGz5
cjuanicopg@unblog.fr,tyDsXW
jmccaughranph@a8.net,3C2mO5ZLX
pswafieldpi@slate.com,1tGDomC
sortlerpj@sourceforge.net,sXKYczhSgzKk
nbrabenpk@nature.com,qW4Vmqc2lU
lhughlandpl@dailymail.co.uk,X6FiVAhA
kdepm@chronoengine.com,GI7p2654
mmcgownpn@fotki.com,VQN4BT
npolkinhornpo@va.gov,YdpCPU94CoB
lhandlinpp@miitbeian.gov.cn,p8ksFJHVT
btaklepq@ask.com,ZTJEYPOg
eaddingtonpr@virginia.edu,LmtAVAwsiaS
oboddymeadps@spotify.com,Et7ydolSx
swinstonept@amazonaws.com,Z6dQd2
rrenfieldpu@wired.com,eYVUOgWKMSiA
escholeypv@printfriendly.com,BopE8nQU09qA
wgaskarthpw@goodreads.com,JTqu1VP
cspittlepx@opensource.org,ZlPgCa5X
bohalloranpy@indiatimes.com,LO1dSwku
mwhitmarshpz@webmd.com,S4Chy3Cu7sp
psellwoodq0@themeforest.net,Wrv58K2DVY
acouronneq1@discovery.com,ITtJtdmWLwz
eloughlinq2@hibu.com,2DsV8K9
mmartinetsq3@dmoz.org,29XIYJXBp
holivoq4@youtu.be,KSd1ktE
scuncliffeq5@elpais.com,QpVvNQBTK
mmaccoughanq6@chicagotribune.com,6mnFFzus
hlowreq7@dagondesign.com,evT1TkLAqA
dgonneauq8@oracle.com,Z0Qwvh
cbernlinq9@ning.com,CTcrad
adukerqa@china.com.cn,yvUBlF
spervewqb@google.cn,KNUY9k528El3
rgonthardqc@blogtalkradio.com,IdDJRcdUk1t
acasettiqd@meetup.com,eSyRdn
lswetmanqe@wiley.com,7kBYaRxkzy
rsussexqf@ifeng.com,zoLRkKJBlV
nallwoodqg@icq.com,oCB32I
dkleinhandlerqh@cafepress.com,1oytaqY
cfilippucciqi@networksolutions.com,YppZsr6xsKm
bcardnoqj@senate.gov,SgnLvXAfSKJR
ewilflingerqk@accuweather.com,YyOAE5w6
rmingaudql@bizjournals.com,QIrUTc25x6
tglencrossqm@ycombinator.com,WxXe5lFPMK
dmanwellqn@chicagotribune.com,JISixX5jC9X
gbartellqo@photobucket.com,ezXGcRnhM
rashnessqp@imageshack.us,wfMODP4pS9
pspeermanqq@mail.ru,MqzAmnW5t
cpodsqr@nsw.gov.au,zd5IVO
csueroqs@comsenz.com,D6fPkAs
dzinckeqt@acquirethisname.com,wIHlkUD
dsleefordqu@webmd.com,1oOO96Q
amccawleyqv@domainmarket.com,OKTQ5t
olandrickqw@sfgate.com,Dlq1dWTNOff
ewhitehallqx@blinklist.com,eh3fzGsB
dgraddellqy@constantcontact.com,iiJWyH7P
fbushbyqz@techcrunch.com,D9wVlXaZV
rpailr0@vimeo.com,vwuayPQuO
rcurtoysr1@cornell.edu,zbzu4M
ksloaner2@freewebs.com,mzg4hxIdFw
cgillhespyr3@prweb.com,JOcMBqXDh
scherryr4@macromedia.com,L0II8e
gbecher5@blog.com,Cdjbz3j2q
kspellesyr6@aol.com,6hmqOh
cmardellr7@ox.ac.uk,3s7uAxipPqh
gfortinr8@admin.ch,fX5SaRjscA
amarcussenr9@purevolume.com,r5bopac9
ebragara@virginia.edu,SP1hZjUthM
chawkerb@ask.com,yr2OtDXV6tp1
mmcgovernrc@sina.com.cn,Md1YMuoWi
mandriesrd@feedburner.com,OmAT6xeL
rwegenerre@zimbio.com,ZeOiWIJJ
adykerf@sphinn.com,f4IuuP06
mandrusrg@house.gov,vYr4wbLJiy
hdeguerh@squarespace.com,KmKmJbY
mtheobaldri@cloudflare.com,djjGJ7EjKWz
tcardisrj@webeden.co.uk,xloerpQO
ccarragherrk@infoseek.co.jp,pf27JFHxM3iW
jgentilerl@networkadvertising.org,zMCyV3Qw9aQ
wkyndrm@google.com,VTQMknays7
asouthernsrn@eventbrite.com,i9fLA4vV
ftomlinro@posterous.com,XlgSD1ciZF
jtreesrp@unicef.org,ltwLAQ6hu5MA
agametrq@google.fr,d3KmZZ8pvc
gscammellrr@themeforest.net,4bB9BWew
